data_id;data;ano;mes;dia;nome_mes;dia_semana;nome_dia_semana;trimestre;eh_final_semana;eh_feriado;nome_feriado
20240101;01/01/2024;2024;1;1;Janeiro;2;Segunda-Feira;1;0;0;NULL
20240102;02/01/2024;2024;1;2;Janeiro;3;Terça-Feira;1;0;0;NULL
20240103;03/01/2024;2024;1;3;Janeiro;4;Quarta-Feira;1;0;0;NULL
20240104;04/01/2024;2024;1;4;Janeiro;5;Quinta-Feira;1;0;0;NULL
20240105;05/01/2024;2024;1;5;Janeiro;6;Sexta-Feira;1;0;0;NULL
20240106;06/01/2024;2024;1;6;Janeiro;7;Sábado;1;1;0;NULL
20240107;07/01/2024;2024;1;7;Janeiro;1;Domingo;1;1;0;NULL
20240108;08/01/2024;2024;1;8;Janeiro;2;Segunda-Feira;1;0;0;NULL
20240109;09/01/2024;2024;1;9;Janeiro;3;Terça-Feira;1;0;0;NULL
20240110;10/01/2024;2024;1;10;Janeiro;4;Quarta-Feira;1;0;0;NULL
20240111;11/01/2024;2024;1;11;Janeiro;5;Quinta-Feira;1;0;0;NULL
20240112;12/01/2024;2024;1;12;Janeiro;6;Sexta-Feira;1;0;0;NULL
20240113;13/01/2024;2024;1;13;Janeiro;7;Sábado;1;1;0;NULL
20240114;14/01/2024;2024;1;14;Janeiro;1;Domingo;1;1;0;NULL
20240115;15/01/2024;2024;1;15;Janeiro;2;Segunda-Feira;1;0;0;NULL
20240116;16/01/2024;2024;1;16;Janeiro;3;Terça-Feira;1;0;0;NULL
20240117;17/01/2024;2024;1;17;Janeiro;4;Quarta-Feira;1;0;0;NULL
20240118;18/01/2024;2024;1;18;Janeiro;5;Quinta-Feira;1;0;0;NULL
20240119;19/01/2024;2024;1;19;Janeiro;6;Sexta-Feira;1;0;0;NULL
20240120;20/01/2024;2024;1;20;Janeiro;7;Sábado;1;1;0;NULL
20240121;21/01/2024;2024;1;21;Janeiro;1;Domingo;1;1;0;NULL
20240122;22/01/2024;2024;1;22;Janeiro;2;Segunda-Feira;1;0;0;NULL
20240123;23/01/2024;2024;1;23;Janeiro;3;Terça-Feira;1;0;0;NULL
20240124;24/01/2024;2024;1;24;Janeiro;4;Quarta-Feira;1;0;0;NULL
20240125;25/01/2024;2024;1;25;Janeiro;5;Quinta-Feira;1;0;0;NULL
20240126;26/01/2024;2024;1;26;Janeiro;6;Sexta-Feira;1;0;0;NULL
20240127;27/01/2024;2024;1;27;Janeiro;7;Sábado;1;1;0;NULL
20240128;28/01/2024;2024;1;28;Janeiro;1;Domingo;1;1;0;NULL
20240129;29/01/2024;2024;1;29;Janeiro;2;Segunda-Feira;1;0;0;NULL
20240130;30/01/2024;2024;1;30;Janeiro;3;Terça-Feira;1;0;0;NULL
20240131;31/01/2024;2024;1;31;Janeiro;4;Quarta-Feira;1;0;0;NULL
20240201;01/02/2024;2024;2;1;Fevereiro;5;Quinta-Feira;1;0;0;NULL
20240202;02/02/2024;2024;2;2;Fevereiro;6;Sexta-Feira;1;0;0;NULL
20240203;03/02/2024;2024;2;3;Fevereiro;7;Sábado;1;1;0;NULL
20240204;04/02/2024;2024;2;4;Fevereiro;1;Domingo;1;1;0;NULL
20240205;05/02/2024;2024;2;5;Fevereiro;2;Segunda-Feira;1;0;0;NULL
20240206;06/02/2024;2024;2;6;Fevereiro;3;Terça-Feira;1;0;0;NULL
20240207;07/02/2024;2024;2;7;Fevereiro;4;Quarta-Feira;1;0;0;NULL
20240208;08/02/2024;2024;2;8;Fevereiro;5;Quinta-Feira;1;0;0;NULL
20240209;09/02/2024;2024;2;9;Fevereiro;6;Sexta-Feira;1;0;0;NULL
20240210;10/02/2024;2024;2;10;Fevereiro;7;Sábado;1;1;0;NULL
20240211;11/02/2024;2024;2;11;Fevereiro;1;Domingo;1;1;0;NULL
20240212;12/02/2024;2024;2;12;Fevereiro;2;Segunda-Feira;1;0;0;NULL
20240213;13/02/2024;2024;2;13;Fevereiro;3;Terça-Feira;1;0;0;NULL
20240214;14/02/2024;2024;2;14;Fevereiro;4;Quarta-Feira;1;0;0;NULL
20240215;15/02/2024;2024;2;15;Fevereiro;5;Quinta-Feira;1;0;0;NULL
20240216;16/02/2024;2024;2;16;Fevereiro;6;Sexta-Feira;1;0;0;NULL
20240217;17/02/2024;2024;2;17;Fevereiro;7;Sábado;1;1;0;NULL
20240218;18/02/2024;2024;2;18;Fevereiro;1;Domingo;1;1;0;NULL
20240219;19/02/2024;2024;2;19;Fevereiro;2;Segunda-Feira;1;0;0;NULL
20240220;20/02/2024;2024;2;20;Fevereiro;3;Terça-Feira;1;0;0;NULL
20240221;21/02/2024;2024;2;21;Fevereiro;4;Quarta-Feira;1;0;0;NULL
20240222;22/02/2024;2024;2;22;Fevereiro;5;Quinta-Feira;1;0;0;NULL
20240223;23/02/2024;2024;2;23;Fevereiro;6;Sexta-Feira;1;0;0;NULL
20240224;24/02/2024;2024;2;24;Fevereiro;7;Sábado;1;1;0;NULL
20240225;25/02/2024;2024;2;25;Fevereiro;1;Domingo;1;1;0;NULL
20240226;26/02/2024;2024;2;26;Fevereiro;2;Segunda-Feira;1;0;0;NULL
20240227;27/02/2024;2024;2;27;Fevereiro;3;Terça-Feira;1;0;0;NULL
20240228;28/02/2024;2024;2;28;Fevereiro;4;Quarta-Feira;1;0;0;NULL
20240229;29/02/2024;2024;2;29;Fevereiro;5;Quinta-Feira;1;0;0;NULL
20240301;01/03/2024;2024;3;1;Março;6;Sexta-Feira;1;0;0;NULL
20240302;02/03/2024;2024;3;2;Março;7;Sábado;1;1;0;NULL
20240303;03/03/2024;2024;3;3;Março;1;Domingo;1;1;0;NULL
20240304;04/03/2024;2024;3;4;Março;2;Segunda-Feira;1;0;0;NULL
20240305;05/03/2024;2024;3;5;Março;3;Terça-Feira;1;0;0;NULL
20240306;06/03/2024;2024;3;6;Março;4;Quarta-Feira;1;0;0;NULL
20240307;07/03/2024;2024;3;7;Março;5;Quinta-Feira;1;0;0;NULL
20240308;08/03/2024;2024;3;8;Março;6;Sexta-Feira;1;0;0;NULL
20240309;09/03/2024;2024;3;9;Março;7;Sábado;1;1;0;NULL
20240310;10/03/2024;2024;3;10;Março;1;Domingo;1;1;0;NULL
20240311;11/03/2024;2024;3;11;Março;2;Segunda-Feira;1;0;0;NULL
20240312;12/03/2024;2024;3;12;Março;3;Terça-Feira;1;0;0;NULL
20240313;13/03/2024;2024;3;13;Março;4;Quarta-Feira;1;0;0;NULL
20240314;14/03/2024;2024;3;14;Março;5;Quinta-Feira;1;0;0;NULL
20240315;15/03/2024;2024;3;15;Março;6;Sexta-Feira;1;0;0;NULL
20240316;16/03/2024;2024;3;16;Março;7;Sábado;1;1;0;NULL
20240317;17/03/2024;2024;3;17;Março;1;Domingo;1;1;0;NULL
20240318;18/03/2024;2024;3;18;Março;2;Segunda-Feira;1;0;0;NULL
20240319;19/03/2024;2024;3;19;Março;3;Terça-Feira;1;0;0;NULL
20240320;20/03/2024;2024;3;20;Março;4;Quarta-Feira;1;0;0;NULL
20240321;21/03/2024;2024;3;21;Março;5;Quinta-Feira;1;0;0;NULL
20240322;22/03/2024;2024;3;22;Março;6;Sexta-Feira;1;0;0;NULL
20240323;23/03/2024;2024;3;23;Março;7;Sábado;1;1;0;NULL
20240324;24/03/2024;2024;3;24;Março;1;Domingo;1;1;0;NULL
20240325;25/03/2024;2024;3;25;Março;2;Segunda-Feira;1;0;0;NULL
20240326;26/03/2024;2024;3;26;Março;3;Terça-Feira;1;0;0;NULL
20240327;27/03/2024;2024;3;27;Março;4;Quarta-Feira;1;0;0;NULL
20240328;28/03/2024;2024;3;28;Março;5;Quinta-Feira;1;0;0;NULL
20240329;29/03/2024;2024;3;29;Março;6;Sexta-Feira;1;0;0;NULL
20240330;30/03/2024;2024;3;30;Março;7;Sábado;1;1;0;NULL
20240331;31/03/2024;2024;3;31;Março;1;Domingo;1;1;0;NULL
20240401;01/04/2024;2024;4;1;Abril;2;Segunda-Feira;2;0;0;NULL
20240402;02/04/2024;2024;4;2;Abril;3;Terça-Feira;2;0;0;NULL
20240403;03/04/2024;2024;4;3;Abril;4;Quarta-Feira;2;0;0;NULL
20240404;04/04/2024;2024;4;4;Abril;5;Quinta-Feira;2;0;0;NULL
20240405;05/04/2024;2024;4;5;Abril;6;Sexta-Feira;2;0;0;NULL
20240406;06/04/2024;2024;4;6;Abril;7;Sábado;2;1;0;NULL
20240407;07/04/2024;2024;4;7;Abril;1;Domingo;2;1;0;NULL
20240408;08/04/2024;2024;4;8;Abril;2;Segunda-Feira;2;0;0;NULL
20240409;09/04/2024;2024;4;9;Abril;3;Terça-Feira;2;0;0;NULL
20240410;10/04/2024;2024;4;10;Abril;4;Quarta-Feira;2;0;0;NULL
20240411;11/04/2024;2024;4;11;Abril;5;Quinta-Feira;2;0;0;NULL
20240412;12/04/2024;2024;4;12;Abril;6;Sexta-Feira;2;0;0;NULL
20240413;13/04/2024;2024;4;13;Abril;7;Sábado;2;1;0;NULL
20240414;14/04/2024;2024;4;14;Abril;1;Domingo;2;1;0;NULL
20240415;15/04/2024;2024;4;15;Abril;2;Segunda-Feira;2;0;0;NULL
20240416;16/04/2024;2024;4;16;Abril;3;Terça-Feira;2;0;0;NULL
20240417;17/04/2024;2024;4;17;Abril;4;Quarta-Feira;2;0;0;NULL
20240418;18/04/2024;2024;4;18;Abril;5;Quinta-Feira;2;0;0;NULL
20240419;19/04/2024;2024;4;19;Abril;6;Sexta-Feira;2;0;0;NULL
20240420;20/04/2024;2024;4;20;Abril;7;Sábado;2;1;0;NULL
20240421;21/04/2024;2024;4;21;Abril;1;Domingo;2;1;0;NULL
20240422;22/04/2024;2024;4;22;Abril;2;Segunda-Feira;2;0;0;NULL
20240423;23/04/2024;2024;4;23;Abril;3;Terça-Feira;2;0;0;NULL
20240424;24/04/2024;2024;4;24;Abril;4;Quarta-Feira;2;0;0;NULL
20240425;25/04/2024;2024;4;25;Abril;5;Quinta-Feira;2;0;0;NULL
20240426;26/04/2024;2024;4;26;Abril;6;Sexta-Feira;2;0;0;NULL
20240427;27/04/2024;2024;4;27;Abril;7;Sábado;2;1;0;NULL
20240428;28/04/2024;2024;4;28;Abril;1;Domingo;2;1;0;NULL
20240429;29/04/2024;2024;4;29;Abril;2;Segunda-Feira;2;0;0;NULL
20240430;30/04/2024;2024;4;30;Abril;3;Terça-Feira;2;0;0;NULL
20240501;01/05/2024;2024;5;1;Maio;4;Quarta-Feira;2;0;0;NULL
20240502;02/05/2024;2024;5;2;Maio;5;Quinta-Feira;2;0;0;NULL
20240503;03/05/2024;2024;5;3;Maio;6;Sexta-Feira;2;0;0;NULL
20240504;04/05/2024;2024;5;4;Maio;7;Sábado;2;1;0;NULL
20240505;05/05/2024;2024;5;5;Maio;1;Domingo;2;1;0;NULL
20240506;06/05/2024;2024;5;6;Maio;2;Segunda-Feira;2;0;0;NULL
20240507;07/05/2024;2024;5;7;Maio;3;Terça-Feira;2;0;0;NULL
20240508;08/05/2024;2024;5;8;Maio;4;Quarta-Feira;2;0;0;NULL
20240509;09/05/2024;2024;5;9;Maio;5;Quinta-Feira;2;0;0;NULL
20240510;10/05/2024;2024;5;10;Maio;6;Sexta-Feira;2;0;0;NULL
20240511;11/05/2024;2024;5;11;Maio;7;Sábado;2;1;0;NULL
20240512;12/05/2024;2024;5;12;Maio;1;Domingo;2;1;0;NULL
20240513;13/05/2024;2024;5;13;Maio;2;Segunda-Feira;2;0;0;NULL
20240514;14/05/2024;2024;5;14;Maio;3;Terça-Feira;2;0;0;NULL
20240515;15/05/2024;2024;5;15;Maio;4;Quarta-Feira;2;0;0;NULL
20240516;16/05/2024;2024;5;16;Maio;5;Quinta-Feira;2;0;0;NULL
20240517;17/05/2024;2024;5;17;Maio;6;Sexta-Feira;2;0;0;NULL
20240518;18/05/2024;2024;5;18;Maio;7;Sábado;2;1;0;NULL
20240519;19/05/2024;2024;5;19;Maio;1;Domingo;2;1;0;NULL
20240520;20/05/2024;2024;5;20;Maio;2;Segunda-Feira;2;0;0;NULL
20240521;21/05/2024;2024;5;21;Maio;3;Terça-Feira;2;0;0;NULL
20240522;22/05/2024;2024;5;22;Maio;4;Quarta-Feira;2;0;0;NULL
20240523;23/05/2024;2024;5;23;Maio;5;Quinta-Feira;2;0;0;NULL
20240524;24/05/2024;2024;5;24;Maio;6;Sexta-Feira;2;0;0;NULL
20240525;25/05/2024;2024;5;25;Maio;7;Sábado;2;1;0;NULL
20240526;26/05/2024;2024;5;26;Maio;1;Domingo;2;1;0;NULL
20240527;27/05/2024;2024;5;27;Maio;2;Segunda-Feira;2;0;0;NULL
20240528;28/05/2024;2024;5;28;Maio;3;Terça-Feira;2;0;0;NULL
20240529;29/05/2024;2024;5;29;Maio;4;Quarta-Feira;2;0;0;NULL
20240530;30/05/2024;2024;5;30;Maio;5;Quinta-Feira;2;0;0;NULL
20240531;31/05/2024;2024;5;31;Maio;6;Sexta-Feira;2;0;0;NULL
20240601;01/06/2024;2024;6;1;Junho;7;Sábado;2;1;0;NULL
20240602;02/06/2024;2024;6;2;Junho;1;Domingo;2;1;0;NULL
20240603;03/06/2024;2024;6;3;Junho;2;Segunda-Feira;2;0;0;NULL
20240604;04/06/2024;2024;6;4;Junho;3;Terça-Feira;2;0;0;NULL
20240605;05/06/2024;2024;6;5;Junho;4;Quarta-Feira;2;0;0;NULL
20240606;06/06/2024;2024;6;6;Junho;5;Quinta-Feira;2;0;0;NULL
20240607;07/06/2024;2024;6;7;Junho;6;Sexta-Feira;2;0;0;NULL
20240608;08/06/2024;2024;6;8;Junho;7;Sábado;2;1;0;NULL
20240609;09/06/2024;2024;6;9;Junho;1;Domingo;2;1;0;NULL
20240610;10/06/2024;2024;6;10;Junho;2;Segunda-Feira;2;0;0;NULL
20240611;11/06/2024;2024;6;11;Junho;3;Terça-Feira;2;0;0;NULL
20240612;12/06/2024;2024;6;12;Junho;4;Quarta-Feira;2;0;0;NULL
20240613;13/06/2024;2024;6;13;Junho;5;Quinta-Feira;2;0;0;NULL
20240614;14/06/2024;2024;6;14;Junho;6;Sexta-Feira;2;0;0;NULL
20240615;15/06/2024;2024;6;15;Junho;7;Sábado;2;1;0;NULL
20240616;16/06/2024;2024;6;16;Junho;1;Domingo;2;1;0;NULL
20240617;17/06/2024;2024;6;17;Junho;2;Segunda-Feira;2;0;0;NULL
20240618;18/06/2024;2024;6;18;Junho;3;Terça-Feira;2;0;0;NULL
20240619;19/06/2024;2024;6;19;Junho;4;Quarta-Feira;2;0;0;NULL
20240620;20/06/2024;2024;6;20;Junho;5;Quinta-Feira;2;0;0;NULL
20240621;21/06/2024;2024;6;21;Junho;6;Sexta-Feira;2;0;0;NULL
20240622;22/06/2024;2024;6;22;Junho;7;Sábado;2;1;0;NULL
20240623;23/06/2024;2024;6;23;Junho;1;Domingo;2;1;0;NULL
20240624;24/06/2024;2024;6;24;Junho;2;Segunda-Feira;2;0;0;NULL
20240625;25/06/2024;2024;6;25;Junho;3;Terça-Feira;2;0;0;NULL
20240626;26/06/2024;2024;6;26;Junho;4;Quarta-Feira;2;0;0;NULL
20240627;27/06/2024;2024;6;27;Junho;5;Quinta-Feira;2;0;0;NULL
20240628;28/06/2024;2024;6;28;Junho;6;Sexta-Feira;2;0;0;NULL
20240629;29/06/2024;2024;6;29;Junho;7;Sábado;2;1;0;NULL
20240630;30/06/2024;2024;6;30;Junho;1;Domingo;2;1;0;NULL
20240701;01/07/2024;2024;7;1;Julho;2;Segunda-Feira;3;0;0;NULL
20240702;02/07/2024;2024;7;2;Julho;3;Terça-Feira;3;0;0;NULL
20240703;03/07/2024;2024;7;3;Julho;4;Quarta-Feira;3;0;0;NULL
20240704;04/07/2024;2024;7;4;Julho;5;Quinta-Feira;3;0;0;NULL
20240705;05/07/2024;2024;7;5;Julho;6;Sexta-Feira;3;0;0;NULL
20240706;06/07/2024;2024;7;6;Julho;7;Sábado;3;1;0;NULL
20240707;07/07/2024;2024;7;7;Julho;1;Domingo;3;1;0;NULL
20240708;08/07/2024;2024;7;8;Julho;2;Segunda-Feira;3;0;0;NULL
20240709;09/07/2024;2024;7;9;Julho;3;Terça-Feira;3;0;0;NULL
20240710;10/07/2024;2024;7;10;Julho;4;Quarta-Feira;3;0;0;NULL
20240711;11/07/2024;2024;7;11;Julho;5;Quinta-Feira;3;0;0;NULL
20240712;12/07/2024;2024;7;12;Julho;6;Sexta-Feira;3;0;0;NULL
20240713;13/07/2024;2024;7;13;Julho;7;Sábado;3;1;0;NULL
20240714;14/07/2024;2024;7;14;Julho;1;Domingo;3;1;0;NULL
20240715;15/07/2024;2024;7;15;Julho;2;Segunda-Feira;3;0;0;NULL
20240716;16/07/2024;2024;7;16;Julho;3;Terça-Feira;3;0;0;NULL
20240717;17/07/2024;2024;7;17;Julho;4;Quarta-Feira;3;0;0;NULL
20240718;18/07/2024;2024;7;18;Julho;5;Quinta-Feira;3;0;0;NULL
20240719;19/07/2024;2024;7;19;Julho;6;Sexta-Feira;3;0;0;NULL
20240720;20/07/2024;2024;7;20;Julho;7;Sábado;3;1;0;NULL
20240721;21/07/2024;2024;7;21;Julho;1;Domingo;3;1;0;NULL
20240722;22/07/2024;2024;7;22;Julho;2;Segunda-Feira;3;0;0;NULL
20240723;23/07/2024;2024;7;23;Julho;3;Terça-Feira;3;0;0;NULL
20240724;24/07/2024;2024;7;24;Julho;4;Quarta-Feira;3;0;0;NULL
20240725;25/07/2024;2024;7;25;Julho;5;Quinta-Feira;3;0;0;NULL
20240726;26/07/2024;2024;7;26;Julho;6;Sexta-Feira;3;0;0;NULL
20240727;27/07/2024;2024;7;27;Julho;7;Sábado;3;1;0;NULL
20240728;28/07/2024;2024;7;28;Julho;1;Domingo;3;1;0;NULL
20240729;29/07/2024;2024;7;29;Julho;2;Segunda-Feira;3;0;0;NULL
20240730;30/07/2024;2024;7;30;Julho;3;Terça-Feira;3;0;0;NULL
20240731;31/07/2024;2024;7;31;Julho;4;Quarta-Feira;3;0;0;NULL
20240801;01/08/2024;2024;8;1;Agosto;5;Quinta-Feira;3;0;0;NULL
20240802;02/08/2024;2024;8;2;Agosto;6;Sexta-Feira;3;0;0;NULL
20240803;03/08/2024;2024;8;3;Agosto;7;Sábado;3;1;0;NULL
20240804;04/08/2024;2024;8;4;Agosto;1;Domingo;3;1;0;NULL
20240805;05/08/2024;2024;8;5;Agosto;2;Segunda-Feira;3;0;0;NULL
20240806;06/08/2024;2024;8;6;Agosto;3;Terça-Feira;3;0;0;NULL
20240807;07/08/2024;2024;8;7;Agosto;4;Quarta-Feira;3;0;0;NULL
20240808;08/08/2024;2024;8;8;Agosto;5;Quinta-Feira;3;0;0;NULL
20240809;09/08/2024;2024;8;9;Agosto;6;Sexta-Feira;3;0;0;NULL
20240810;10/08/2024;2024;8;10;Agosto;7;Sábado;3;1;0;NULL
20240811;11/08/2024;2024;8;11;Agosto;1;Domingo;3;1;0;NULL
20240812;12/08/2024;2024;8;12;Agosto;2;Segunda-Feira;3;0;0;NULL
20240813;13/08/2024;2024;8;13;Agosto;3;Terça-Feira;3;0;0;NULL
20240814;14/08/2024;2024;8;14;Agosto;4;Quarta-Feira;3;0;0;NULL
20240815;15/08/2024;2024;8;15;Agosto;5;Quinta-Feira;3;0;0;NULL
20240816;16/08/2024;2024;8;16;Agosto;6;Sexta-Feira;3;0;0;NULL
20240817;17/08/2024;2024;8;17;Agosto;7;Sábado;3;1;0;NULL
20240818;18/08/2024;2024;8;18;Agosto;1;Domingo;3;1;0;NULL
20240819;19/08/2024;2024;8;19;Agosto;2;Segunda-Feira;3;0;0;NULL
20240820;20/08/2024;2024;8;20;Agosto;3;Terça-Feira;3;0;0;NULL
20240821;21/08/2024;2024;8;21;Agosto;4;Quarta-Feira;3;0;0;NULL
20240822;22/08/2024;2024;8;22;Agosto;5;Quinta-Feira;3;0;0;NULL
20240823;23/08/2024;2024;8;23;Agosto;6;Sexta-Feira;3;0;0;NULL
20240824;24/08/2024;2024;8;24;Agosto;7;Sábado;3;1;0;NULL
20240825;25/08/2024;2024;8;25;Agosto;1;Domingo;3;1;0;NULL
20240826;26/08/2024;2024;8;26;Agosto;2;Segunda-Feira;3;0;0;NULL
20240827;27/08/2024;2024;8;27;Agosto;3;Terça-Feira;3;0;0;NULL
20240828;28/08/2024;2024;8;28;Agosto;4;Quarta-Feira;3;0;0;NULL
20240829;29/08/2024;2024;8;29;Agosto;5;Quinta-Feira;3;0;0;NULL
20240830;30/08/2024;2024;8;30;Agosto;6;Sexta-Feira;3;0;0;NULL
20240831;31/08/2024;2024;8;31;Agosto;7;Sábado;3;1;0;NULL
20240901;01/09/2024;2024;9;1;Setembro;1;Domingo;3;1;0;NULL
20240902;02/09/2024;2024;9;2;Setembro;2;Segunda-Feira;3;0;0;NULL
20240903;03/09/2024;2024;9;3;Setembro;3;Terça-Feira;3;0;0;NULL
20240904;04/09/2024;2024;9;4;Setembro;4;Quarta-Feira;3;0;0;NULL
20240905;05/09/2024;2024;9;5;Setembro;5;Quinta-Feira;3;0;0;NULL
20240906;06/09/2024;2024;9;6;Setembro;6;Sexta-Feira;3;0;0;NULL
20240907;07/09/2024;2024;9;7;Setembro;7;Sábado;3;1;0;NULL
20240908;08/09/2024;2024;9;8;Setembro;1;Domingo;3;1;0;NULL
20240909;09/09/2024;2024;9;9;Setembro;2;Segunda-Feira;3;0;0;NULL
20240910;10/09/2024;2024;9;10;Setembro;3;Terça-Feira;3;0;0;NULL
20240911;11/09/2024;2024;9;11;Setembro;4;Quarta-Feira;3;0;0;NULL
20240912;12/09/2024;2024;9;12;Setembro;5;Quinta-Feira;3;0;0;NULL
20240913;13/09/2024;2024;9;13;Setembro;6;Sexta-Feira;3;0;0;NULL
20240914;14/09/2024;2024;9;14;Setembro;7;Sábado;3;1;0;NULL
20240915;15/09/2024;2024;9;15;Setembro;1;Domingo;3;1;0;NULL
20240916;16/09/2024;2024;9;16;Setembro;2;Segunda-Feira;3;0;0;NULL
20240917;17/09/2024;2024;9;17;Setembro;3;Terça-Feira;3;0;0;NULL
20240918;18/09/2024;2024;9;18;Setembro;4;Quarta-Feira;3;0;0;NULL
20240919;19/09/2024;2024;9;19;Setembro;5;Quinta-Feira;3;0;0;NULL
20240920;20/09/2024;2024;9;20;Setembro;6;Sexta-Feira;3;0;0;NULL
20240921;21/09/2024;2024;9;21;Setembro;7;Sábado;3;1;0;NULL
20240922;22/09/2024;2024;9;22;Setembro;1;Domingo;3;1;0;NULL
20240923;23/09/2024;2024;9;23;Setembro;2;Segunda-Feira;3;0;0;NULL
20240924;24/09/2024;2024;9;24;Setembro;3;Terça-Feira;3;0;0;NULL
20240925;25/09/2024;2024;9;25;Setembro;4;Quarta-Feira;3;0;0;NULL
20240926;26/09/2024;2024;9;26;Setembro;5;Quinta-Feira;3;0;0;NULL
20240927;27/09/2024;2024;9;27;Setembro;6;Sexta-Feira;3;0;0;NULL
20240928;28/09/2024;2024;9;28;Setembro;7;Sábado;3;1;0;NULL
20240929;29/09/2024;2024;9;29;Setembro;1;Domingo;3;1;0;NULL
20240930;30/09/2024;2024;9;30;Setembro;2;Segunda-Feira;3;0;0;NULL
20241001;01/10/2024;2024;10;1;Outubro;3;Terça-Feira;4;0;0;NULL
20241002;02/10/2024;2024;10;2;Outubro;4;Quarta-Feira;4;0;0;NULL
20241003;03/10/2024;2024;10;3;Outubro;5;Quinta-Feira;4;0;0;NULL
20241004;04/10/2024;2024;10;4;Outubro;6;Sexta-Feira;4;0;0;NULL
20241005;05/10/2024;2024;10;5;Outubro;7;Sábado;4;1;0;NULL
20241006;06/10/2024;2024;10;6;Outubro;1;Domingo;4;1;0;NULL
20241007;07/10/2024;2024;10;7;Outubro;2;Segunda-Feira;4;0;0;NULL
20241008;08/10/2024;2024;10;8;Outubro;3;Terça-Feira;4;0;0;NULL
20241009;09/10/2024;2024;10;9;Outubro;4;Quarta-Feira;4;0;0;NULL
20241010;10/10/2024;2024;10;10;Outubro;5;Quinta-Feira;4;0;0;NULL
20241011;11/10/2024;2024;10;11;Outubro;6;Sexta-Feira;4;0;0;NULL
20241012;12/10/2024;2024;10;12;Outubro;7;Sábado;4;1;0;NULL
20241013;13/10/2024;2024;10;13;Outubro;1;Domingo;4;1;0;NULL
20241014;14/10/2024;2024;10;14;Outubro;2;Segunda-Feira;4;0;0;NULL
20241015;15/10/2024;2024;10;15;Outubro;3;Terça-Feira;4;0;0;NULL
20241016;16/10/2024;2024;10;16;Outubro;4;Quarta-Feira;4;0;0;NULL
20241017;17/10/2024;2024;10;17;Outubro;5;Quinta-Feira;4;0;0;NULL
20241018;18/10/2024;2024;10;18;Outubro;6;Sexta-Feira;4;0;0;NULL
20241019;19/10/2024;2024;10;19;Outubro;7;Sábado;4;1;0;NULL
20241020;20/10/2024;2024;10;20;Outubro;1;Domingo;4;1;0;NULL
20241021;21/10/2024;2024;10;21;Outubro;2;Segunda-Feira;4;0;0;NULL
20241022;22/10/2024;2024;10;22;Outubro;3;Terça-Feira;4;0;0;NULL
20241023;23/10/2024;2024;10;23;Outubro;4;Quarta-Feira;4;0;0;NULL
20241024;24/10/2024;2024;10;24;Outubro;5;Quinta-Feira;4;0;0;NULL
20241025;25/10/2024;2024;10;25;Outubro;6;Sexta-Feira;4;0;0;NULL
20241026;26/10/2024;2024;10;26;Outubro;7;Sábado;4;1;0;NULL
20241027;27/10/2024;2024;10;27;Outubro;1;Domingo;4;1;0;NULL
20241028;28/10/2024;2024;10;28;Outubro;2;Segunda-Feira;4;0;0;NULL
20241029;29/10/2024;2024;10;29;Outubro;3;Terça-Feira;4;0;0;NULL
20241030;30/10/2024;2024;10;30;Outubro;4;Quarta-Feira;4;0;0;NULL
20241031;31/10/2024;2024;10;31;Outubro;5;Quinta-Feira;4;0;0;NULL
20241101;01/11/2024;2024;11;1;Novembro;6;Sexta-Feira;4;0;0;NULL
20241102;02/11/2024;2024;11;2;Novembro;7;Sábado;4;1;0;NULL
20241103;03/11/2024;2024;11;3;Novembro;1;Domingo;4;1;0;NULL
20241104;04/11/2024;2024;11;4;Novembro;2;Segunda-Feira;4;0;0;NULL
20241105;05/11/2024;2024;11;5;Novembro;3;Terça-Feira;4;0;0;NULL
20241106;06/11/2024;2024;11;6;Novembro;4;Quarta-Feira;4;0;0;NULL
20241107;07/11/2024;2024;11;7;Novembro;5;Quinta-Feira;4;0;0;NULL
20241108;08/11/2024;2024;11;8;Novembro;6;Sexta-Feira;4;0;0;NULL
20241109;09/11/2024;2024;11;9;Novembro;7;Sábado;4;1;0;NULL
20241110;10/11/2024;2024;11;10;Novembro;1;Domingo;4;1;0;NULL
20241111;11/11/2024;2024;11;11;Novembro;2;Segunda-Feira;4;0;0;NULL
20241112;12/11/2024;2024;11;12;Novembro;3;Terça-Feira;4;0;0;NULL
20241113;13/11/2024;2024;11;13;Novembro;4;Quarta-Feira;4;0;0;NULL
20241114;14/11/2024;2024;11;14;Novembro;5;Quinta-Feira;4;0;0;NULL
20241115;15/11/2024;2024;11;15;Novembro;6;Sexta-Feira;4;0;0;NULL
20241116;16/11/2024;2024;11;16;Novembro;7;Sábado;4;1;0;NULL
20241117;17/11/2024;2024;11;17;Novembro;1;Domingo;4;1;0;NULL
20241118;18/11/2024;2024;11;18;Novembro;2;Segunda-Feira;4;0;0;NULL
20241119;19/11/2024;2024;11;19;Novembro;3;Terça-Feira;4;0;0;NULL
20241120;20/11/2024;2024;11;20;Novembro;4;Quarta-Feira;4;0;0;NULL
20241121;21/11/2024;2024;11;21;Novembro;5;Quinta-Feira;4;0;0;NULL
20241122;22/11/2024;2024;11;22;Novembro;6;Sexta-Feira;4;0;0;NULL
20241123;23/11/2024;2024;11;23;Novembro;7;Sábado;4;1;0;NULL
20241124;24/11/2024;2024;11;24;Novembro;1;Domingo;4;1;0;NULL
20241125;25/11/2024;2024;11;25;Novembro;2;Segunda-Feira;4;0;0;NULL
20241126;26/11/2024;2024;11;26;Novembro;3;Terça-Feira;4;0;0;NULL
20241127;27/11/2024;2024;11;27;Novembro;4;Quarta-Feira;4;0;0;NULL
20241128;28/11/2024;2024;11;28;Novembro;5;Quinta-Feira;4;0;0;NULL
20241129;29/11/2024;2024;11;29;Novembro;6;Sexta-Feira;4;0;0;NULL
20241130;30/11/2024;2024;11;30;Novembro;7;Sábado;4;1;0;NULL
20241201;01/12/2024;2024;12;1;Dezembro;1;Domingo;4;1;0;NULL
20241202;02/12/2024;2024;12;2;Dezembro;2;Segunda-Feira;4;0;0;NULL
20241203;03/12/2024;2024;12;3;Dezembro;3;Terça-Feira;4;0;0;NULL
20241204;04/12/2024;2024;12;4;Dezembro;4;Quarta-Feira;4;0;0;NULL
20241205;05/12/2024;2024;12;5;Dezembro;5;Quinta-Feira;4;0;0;NULL
20241206;06/12/2024;2024;12;6;Dezembro;6;Sexta-Feira;4;0;0;NULL
20241207;07/12/2024;2024;12;7;Dezembro;7;Sábado;4;1;0;NULL
20241208;08/12/2024;2024;12;8;Dezembro;1;Domingo;4;1;0;NULL
20241209;09/12/2024;2024;12;9;Dezembro;2;Segunda-Feira;4;0;0;NULL
20241210;10/12/2024;2024;12;10;Dezembro;3;Terça-Feira;4;0;0;NULL
20241211;11/12/2024;2024;12;11;Dezembro;4;Quarta-Feira;4;0;0;NULL
20241212;12/12/2024;2024;12;12;Dezembro;5;Quinta-Feira;4;0;0;NULL
20241213;13/12/2024;2024;12;13;Dezembro;6;Sexta-Feira;4;0;0;NULL
20241214;14/12/2024;2024;12;14;Dezembro;7;Sábado;4;1;0;NULL
20241215;15/12/2024;2024;12;15;Dezembro;1;Domingo;4;1;0;NULL
20241216;16/12/2024;2024;12;16;Dezembro;2;Segunda-Feira;4;0;0;NULL
20241217;17/12/2024;2024;12;17;Dezembro;3;Terça-Feira;4;0;0;NULL
20241218;18/12/2024;2024;12;18;Dezembro;4;Quarta-Feira;4;0;0;NULL
20241219;19/12/2024;2024;12;19;Dezembro;5;Quinta-Feira;4;0;0;NULL
20241220;20/12/2024;2024;12;20;Dezembro;6;Sexta-Feira;4;0;0;NULL
20241221;21/12/2024;2024;12;21;Dezembro;7;Sábado;4;1;0;NULL
20241222;22/12/2024;2024;12;22;Dezembro;1;Domingo;4;1;0;NULL
20241223;23/12/2024;2024;12;23;Dezembro;2;Segunda-Feira;4;0;0;NULL
20241224;24/12/2024;2024;12;24;Dezembro;3;Terça-Feira;4;0;0;NULL
20241225;25/12/2024;2024;12;25;Dezembro;4;Quarta-Feira;4;0;0;NULL
20241226;26/12/2024;2024;12;26;Dezembro;5;Quinta-Feira;4;0;0;NULL
20241227;27/12/2024;2024;12;27;Dezembro;6;Sexta-Feira;4;0;0;NULL
20241228;28/12/2024;2024;12;28;Dezembro;7;Sábado;4;1;0;NULL
20241229;29/12/2024;2024;12;29;Dezembro;1;Domingo;4;1;0;NULL
20241230;30/12/2024;2024;12;30;Dezembro;2;Segunda-Feira;4;0;0;NULL
20241231;31/12/2024;2024;12;31;Dezembro;3;Terça-Feira;4;0;0;NULL
20250101;01/01/2025;2025;1;1;Janeiro;4;Quarta-Feira;1;0;0;NULL
20250102;02/01/2025;2025;1;2;Janeiro;5;Quinta-Feira;1;0;0;NULL
20250103;03/01/2025;2025;1;3;Janeiro;6;Sexta-Feira;1;0;0;NULL
20250104;04/01/2025;2025;1;4;Janeiro;7;Sábado;1;1;0;NULL
20250105;05/01/2025;2025;1;5;Janeiro;1;Domingo;1;1;0;NULL
20250106;06/01/2025;2025;1;6;Janeiro;2;Segunda-Feira;1;0;0;NULL
20250107;07/01/2025;2025;1;7;Janeiro;3;Terça-Feira;1;0;0;NULL
20250108;08/01/2025;2025;1;8;Janeiro;4;Quarta-Feira;1;0;0;NULL
20250109;09/01/2025;2025;1;9;Janeiro;5;Quinta-Feira;1;0;0;NULL
20250110;10/01/2025;2025;1;10;Janeiro;6;Sexta-Feira;1;0;0;NULL
20250111;11/01/2025;2025;1;11;Janeiro;7;Sábado;1;1;0;NULL
20250112;12/01/2025;2025;1;12;Janeiro;1;Domingo;1;1;0;NULL
20250113;13/01/2025;2025;1;13;Janeiro;2;Segunda-Feira;1;0;0;NULL
20250114;14/01/2025;2025;1;14;Janeiro;3;Terça-Feira;1;0;0;NULL
20250115;15/01/2025;2025;1;15;Janeiro;4;Quarta-Feira;1;0;0;NULL
20250116;16/01/2025;2025;1;16;Janeiro;5;Quinta-Feira;1;0;0;NULL
20250117;17/01/2025;2025;1;17;Janeiro;6;Sexta-Feira;1;0;0;NULL
20250118;18/01/2025;2025;1;18;Janeiro;7;Sábado;1;1;0;NULL
20250119;19/01/2025;2025;1;19;Janeiro;1;Domingo;1;1;0;NULL
20250120;20/01/2025;2025;1;20;Janeiro;2;Segunda-Feira;1;0;0;NULL
20250121;21/01/2025;2025;1;21;Janeiro;3;Terça-Feira;1;0;0;NULL
20250122;22/01/2025;2025;1;22;Janeiro;4;Quarta-Feira;1;0;0;NULL
20250123;23/01/2025;2025;1;23;Janeiro;5;Quinta-Feira;1;0;0;NULL
20250124;24/01/2025;2025;1;24;Janeiro;6;Sexta-Feira;1;0;0;NULL
20250125;25/01/2025;2025;1;25;Janeiro;7;Sábado;1;1;0;NULL
20250126;26/01/2025;2025;1;26;Janeiro;1;Domingo;1;1;0;NULL
20250127;27/01/2025;2025;1;27;Janeiro;2;Segunda-Feira;1;0;0;NULL
20250128;28/01/2025;2025;1;28;Janeiro;3;Terça-Feira;1;0;0;NULL
20250129;29/01/2025;2025;1;29;Janeiro;4;Quarta-Feira;1;0;0;NULL
20250130;30/01/2025;2025;1;30;Janeiro;5;Quinta-Feira;1;0;0;NULL
20250131;31/01/2025;2025;1;31;Janeiro;6;Sexta-Feira;1;0;0;NULL
20250201;01/02/2025;2025;2;1;Fevereiro;7;Sábado;1;1;0;NULL
20250202;02/02/2025;2025;2;2;Fevereiro;1;Domingo;1;1;0;NULL
20250203;03/02/2025;2025;2;3;Fevereiro;2;Segunda-Feira;1;0;0;NULL
20250204;04/02/2025;2025;2;4;Fevereiro;3;Terça-Feira;1;0;0;NULL
20250205;05/02/2025;2025;2;5;Fevereiro;4;Quarta-Feira;1;0;0;NULL
20250206;06/02/2025;2025;2;6;Fevereiro;5;Quinta-Feira;1;0;0;NULL
20250207;07/02/2025;2025;2;7;Fevereiro;6;Sexta-Feira;1;0;0;NULL
20250208;08/02/2025;2025;2;8;Fevereiro;7;Sábado;1;1;0;NULL
20250209;09/02/2025;2025;2;9;Fevereiro;1;Domingo;1;1;0;NULL
20250210;10/02/2025;2025;2;10;Fevereiro;2;Segunda-Feira;1;0;0;NULL
20250211;11/02/2025;2025;2;11;Fevereiro;3;Terça-Feira;1;0;0;NULL
20250212;12/02/2025;2025;2;12;Fevereiro;4;Quarta-Feira;1;0;0;NULL
20250213;13/02/2025;2025;2;13;Fevereiro;5;Quinta-Feira;1;0;0;NULL
20250214;14/02/2025;2025;2;14;Fevereiro;6;Sexta-Feira;1;0;0;NULL
20250215;15/02/2025;2025;2;15;Fevereiro;7;Sábado;1;1;0;NULL
20250216;16/02/2025;2025;2;16;Fevereiro;1;Domingo;1;1;0;NULL
20250217;17/02/2025;2025;2;17;Fevereiro;2;Segunda-Feira;1;0;0;NULL
20250218;18/02/2025;2025;2;18;Fevereiro;3;Terça-Feira;1;0;0;NULL
20250219;19/02/2025;2025;2;19;Fevereiro;4;Quarta-Feira;1;0;0;NULL
20250220;20/02/2025;2025;2;20;Fevereiro;5;Quinta-Feira;1;0;0;NULL
20250221;21/02/2025;2025;2;21;Fevereiro;6;Sexta-Feira;1;0;0;NULL
20250222;22/02/2025;2025;2;22;Fevereiro;7;Sábado;1;1;0;NULL
20250223;23/02/2025;2025;2;23;Fevereiro;1;Domingo;1;1;0;NULL
20250224;24/02/2025;2025;2;24;Fevereiro;2;Segunda-Feira;1;0;0;NULL
20250225;25/02/2025;2025;2;25;Fevereiro;3;Terça-Feira;1;0;0;NULL
20250226;26/02/2025;2025;2;26;Fevereiro;4;Quarta-Feira;1;0;0;NULL
20250227;27/02/2025;2025;2;27;Fevereiro;5;Quinta-Feira;1;0;0;NULL
20250228;28/02/2025;2025;2;28;Fevereiro;6;Sexta-Feira;1;0;0;NULL
20250301;01/03/2025;2025;3;1;Março;7;Sábado;1;1;0;NULL
20250302;02/03/2025;2025;3;2;Março;1;Domingo;1;1;0;NULL
20250303;03/03/2025;2025;3;3;Março;2;Segunda-Feira;1;0;0;NULL
20250304;04/03/2025;2025;3;4;Março;3;Terça-Feira;1;0;0;NULL
20250305;05/03/2025;2025;3;5;Março;4;Quarta-Feira;1;0;0;NULL
20250306;06/03/2025;2025;3;6;Março;5;Quinta-Feira;1;0;0;NULL
20250307;07/03/2025;2025;3;7;Março;6;Sexta-Feira;1;0;0;NULL
20250308;08/03/2025;2025;3;8;Março;7;Sábado;1;1;0;NULL
20250309;09/03/2025;2025;3;9;Março;1;Domingo;1;1;0;NULL
20250310;10/03/2025;2025;3;10;Março;2;Segunda-Feira;1;0;0;NULL
20250311;11/03/2025;2025;3;11;Março;3;Terça-Feira;1;0;0;NULL
20250312;12/03/2025;2025;3;12;Março;4;Quarta-Feira;1;0;0;NULL
20250313;13/03/2025;2025;3;13;Março;5;Quinta-Feira;1;0;0;NULL
20250314;14/03/2025;2025;3;14;Março;6;Sexta-Feira;1;0;0;NULL
20250315;15/03/2025;2025;3;15;Março;7;Sábado;1;1;0;NULL
20250316;16/03/2025;2025;3;16;Março;1;Domingo;1;1;0;NULL
20250317;17/03/2025;2025;3;17;Março;2;Segunda-Feira;1;0;0;NULL
20250318;18/03/2025;2025;3;18;Março;3;Terça-Feira;1;0;0;NULL
20250319;19/03/2025;2025;3;19;Março;4;Quarta-Feira;1;0;0;NULL
20250320;20/03/2025;2025;3;20;Março;5;Quinta-Feira;1;0;0;NULL
20250321;21/03/2025;2025;3;21;Março;6;Sexta-Feira;1;0;0;NULL
20250322;22/03/2025;2025;3;22;Março;7;Sábado;1;1;0;NULL
20250323;23/03/2025;2025;3;23;Março;1;Domingo;1;1;0;NULL
20250324;24/03/2025;2025;3;24;Março;2;Segunda-Feira;1;0;0;NULL
20250325;25/03/2025;2025;3;25;Março;3;Terça-Feira;1;0;0;NULL
20250326;26/03/2025;2025;3;26;Março;4;Quarta-Feira;1;0;0;NULL
20250327;27/03/2025;2025;3;27;Março;5;Quinta-Feira;1;0;0;NULL
20250328;28/03/2025;2025;3;28;Março;6;Sexta-Feira;1;0;0;NULL
20250329;29/03/2025;2025;3;29;Março;7;Sábado;1;1;0;NULL
20250330;30/03/2025;2025;3;30;Março;1;Domingo;1;1;0;NULL
20250331;31/03/2025;2025;3;31;Março;2;Segunda-Feira;1;0;0;NULL
20250401;01/04/2025;2025;4;1;Abril;3;Terça-Feira;2;0;0;NULL
20250402;02/04/2025;2025;4;2;Abril;4;Quarta-Feira;2;0;0;NULL
20250403;03/04/2025;2025;4;3;Abril;5;Quinta-Feira;2;0;0;NULL
20250404;04/04/2025;2025;4;4;Abril;6;Sexta-Feira;2;0;0;NULL
20250405;05/04/2025;2025;4;5;Abril;7;Sábado;2;1;0;NULL
20250406;06/04/2025;2025;4;6;Abril;1;Domingo;2;1;0;NULL
20250407;07/04/2025;2025;4;7;Abril;2;Segunda-Feira;2;0;0;NULL
20250408;08/04/2025;2025;4;8;Abril;3;Terça-Feira;2;0;0;NULL
20250409;09/04/2025;2025;4;9;Abril;4;Quarta-Feira;2;0;0;NULL
20250410;10/04/2025;2025;4;10;Abril;5;Quinta-Feira;2;0;0;NULL
20250411;11/04/2025;2025;4;11;Abril;6;Sexta-Feira;2;0;0;NULL
20250412;12/04/2025;2025;4;12;Abril;7;Sábado;2;1;0;NULL
20250413;13/04/2025;2025;4;13;Abril;1;Domingo;2;1;0;NULL
20250414;14/04/2025;2025;4;14;Abril;2;Segunda-Feira;2;0;0;NULL
20250415;15/04/2025;2025;4;15;Abril;3;Terça-Feira;2;0;0;NULL
20250416;16/04/2025;2025;4;16;Abril;4;Quarta-Feira;2;0;0;NULL
20250417;17/04/2025;2025;4;17;Abril;5;Quinta-Feira;2;0;0;NULL
20250418;18/04/2025;2025;4;18;Abril;6;Sexta-Feira;2;0;0;NULL
20250419;19/04/2025;2025;4;19;Abril;7;Sábado;2;1;0;NULL
20250420;20/04/2025;2025;4;20;Abril;1;Domingo;2;1;0;NULL
20250421;21/04/2025;2025;4;21;Abril;2;Segunda-Feira;2;0;0;NULL
20250422;22/04/2025;2025;4;22;Abril;3;Terça-Feira;2;0;0;NULL
20250423;23/04/2025;2025;4;23;Abril;4;Quarta-Feira;2;0;0;NULL
20250424;24/04/2025;2025;4;24;Abril;5;Quinta-Feira;2;0;0;NULL
20250425;25/04/2025;2025;4;25;Abril;6;Sexta-Feira;2;0;0;NULL
20250426;26/04/2025;2025;4;26;Abril;7;Sábado;2;1;0;NULL
20250427;27/04/2025;2025;4;27;Abril;1;Domingo;2;1;0;NULL
20250428;28/04/2025;2025;4;28;Abril;2;Segunda-Feira;2;0;0;NULL
20250429;29/04/2025;2025;4;29;Abril;3;Terça-Feira;2;0;0;NULL
20250430;30/04/2025;2025;4;30;Abril;4;Quarta-Feira;2;0;0;NULL
20250501;01/05/2025;2025;5;1;Maio;5;Quinta-Feira;2;0;0;NULL
20250502;02/05/2025;2025;5;2;Maio;6;Sexta-Feira;2;0;0;NULL
20250503;03/05/2025;2025;5;3;Maio;7;Sábado;2;1;0;NULL
20250504;04/05/2025;2025;5;4;Maio;1;Domingo;2;1;0;NULL
20250505;05/05/2025;2025;5;5;Maio;2;Segunda-Feira;2;0;0;NULL
20250506;06/05/2025;2025;5;6;Maio;3;Terça-Feira;2;0;0;NULL
20250507;07/05/2025;2025;5;7;Maio;4;Quarta-Feira;2;0;0;NULL
20250508;08/05/2025;2025;5;8;Maio;5;Quinta-Feira;2;0;0;NULL
20250509;09/05/2025;2025;5;9;Maio;6;Sexta-Feira;2;0;0;NULL
20250510;10/05/2025;2025;5;10;Maio;7;Sábado;2;1;0;NULL
20250511;11/05/2025;2025;5;11;Maio;1;Domingo;2;1;0;NULL
20250512;12/05/2025;2025;5;12;Maio;2;Segunda-Feira;2;0;0;NULL
20250513;13/05/2025;2025;5;13;Maio;3;Terça-Feira;2;0;0;NULL
20250514;14/05/2025;2025;5;14;Maio;4;Quarta-Feira;2;0;0;NULL
20250515;15/05/2025;2025;5;15;Maio;5;Quinta-Feira;2;0;0;NULL
20250516;16/05/2025;2025;5;16;Maio;6;Sexta-Feira;2;0;0;NULL
20250517;17/05/2025;2025;5;17;Maio;7;Sábado;2;1;0;NULL
20250518;18/05/2025;2025;5;18;Maio;1;Domingo;2;1;0;NULL
20250519;19/05/2025;2025;5;19;Maio;2;Segunda-Feira;2;0;0;NULL
20250520;20/05/2025;2025;5;20;Maio;3;Terça-Feira;2;0;0;NULL
20250521;21/05/2025;2025;5;21;Maio;4;Quarta-Feira;2;0;0;NULL
20250522;22/05/2025;2025;5;22;Maio;5;Quinta-Feira;2;0;0;NULL
20250523;23/05/2025;2025;5;23;Maio;6;Sexta-Feira;2;0;0;NULL
20250524;24/05/2025;2025;5;24;Maio;7;Sábado;2;1;0;NULL
20250525;25/05/2025;2025;5;25;Maio;1;Domingo;2;1;0;NULL
20250526;26/05/2025;2025;5;26;Maio;2;Segunda-Feira;2;0;0;NULL
20250527;27/05/2025;2025;5;27;Maio;3;Terça-Feira;2;0;0;NULL
20250528;28/05/2025;2025;5;28;Maio;4;Quarta-Feira;2;0;0;NULL
20250529;29/05/2025;2025;5;29;Maio;5;Quinta-Feira;2;0;0;NULL
20250530;30/05/2025;2025;5;30;Maio;6;Sexta-Feira;2;0;0;NULL
20250531;31/05/2025;2025;5;31;Maio;7;Sábado;2;1;0;NULL
20250601;01/06/2025;2025;6;1;Junho;1;Domingo;2;1;0;NULL
20250602;02/06/2025;2025;6;2;Junho;2;Segunda-Feira;2;0;0;NULL
20250603;03/06/2025;2025;6;3;Junho;3;Terça-Feira;2;0;0;NULL
20250604;04/06/2025;2025;6;4;Junho;4;Quarta-Feira;2;0;0;NULL
20250605;05/06/2025;2025;6;5;Junho;5;Quinta-Feira;2;0;0;NULL
20250606;06/06/2025;2025;6;6;Junho;6;Sexta-Feira;2;0;0;NULL
20250607;07/06/2025;2025;6;7;Junho;7;Sábado;2;1;0;NULL
20250608;08/06/2025;2025;6;8;Junho;1;Domingo;2;1;0;NULL
20250609;09/06/2025;2025;6;9;Junho;2;Segunda-Feira;2;0;0;NULL
20250610;10/06/2025;2025;6;10;Junho;3;Terça-Feira;2;0;0;NULL
20250611;11/06/2025;2025;6;11;Junho;4;Quarta-Feira;2;0;0;NULL
20250612;12/06/2025;2025;6;12;Junho;5;Quinta-Feira;2;0;0;NULL
20250613;13/06/2025;2025;6;13;Junho;6;Sexta-Feira;2;0;0;NULL
20250614;14/06/2025;2025;6;14;Junho;7;Sábado;2;1;0;NULL
20250615;15/06/2025;2025;6;15;Junho;1;Domingo;2;1;0;NULL
20250616;16/06/2025;2025;6;16;Junho;2;Segunda-Feira;2;0;0;NULL
20250617;17/06/2025;2025;6;17;Junho;3;Terça-Feira;2;0;0;NULL
20250618;18/06/2025;2025;6;18;Junho;4;Quarta-Feira;2;0;0;NULL
20250619;19/06/2025;2025;6;19;Junho;5;Quinta-Feira;2;0;0;NULL
20250620;20/06/2025;2025;6;20;Junho;6;Sexta-Feira;2;0;0;NULL
20250621;21/06/2025;2025;6;21;Junho;7;Sábado;2;1;0;NULL
20250622;22/06/2025;2025;6;22;Junho;1;Domingo;2;1;0;NULL
20250623;23/06/2025;2025;6;23;Junho;2;Segunda-Feira;2;0;0;NULL
20250624;24/06/2025;2025;6;24;Junho;3;Terça-Feira;2;0;0;NULL
20250625;25/06/2025;2025;6;25;Junho;4;Quarta-Feira;2;0;0;NULL
20250626;26/06/2025;2025;6;26;Junho;5;Quinta-Feira;2;0;0;NULL
20250627;27/06/2025;2025;6;27;Junho;6;Sexta-Feira;2;0;0;NULL
20250628;28/06/2025;2025;6;28;Junho;7;Sábado;2;1;0;NULL
20250629;29/06/2025;2025;6;29;Junho;1;Domingo;2;1;0;NULL
20250630;30/06/2025;2025;6;30;Junho;2;Segunda-Feira;2;0;0;NULL
20250701;01/07/2025;2025;7;1;Julho;3;Terça-Feira;3;0;0;NULL
20250702;02/07/2025;2025;7;2;Julho;4;Quarta-Feira;3;0;0;NULL
20250703;03/07/2025;2025;7;3;Julho;5;Quinta-Feira;3;0;0;NULL
20250704;04/07/2025;2025;7;4;Julho;6;Sexta-Feira;3;0;0;NULL
20250705;05/07/2025;2025;7;5;Julho;7;Sábado;3;1;0;NULL
20250706;06/07/2025;2025;7;6;Julho;1;Domingo;3;1;0;NULL
20250707;07/07/2025;2025;7;7;Julho;2;Segunda-Feira;3;0;0;NULL
20250708;08/07/2025;2025;7;8;Julho;3;Terça-Feira;3;0;0;NULL
20250709;09/07/2025;2025;7;9;Julho;4;Quarta-Feira;3;0;0;NULL
20250710;10/07/2025;2025;7;10;Julho;5;Quinta-Feira;3;0;0;NULL
20250711;11/07/2025;2025;7;11;Julho;6;Sexta-Feira;3;0;0;NULL
20250712;12/07/2025;2025;7;12;Julho;7;Sábado;3;1;0;NULL
20250713;13/07/2025;2025;7;13;Julho;1;Domingo;3;1;0;NULL
20250714;14/07/2025;2025;7;14;Julho;2;Segunda-Feira;3;0;0;NULL
20250715;15/07/2025;2025;7;15;Julho;3;Terça-Feira;3;0;0;NULL
20250716;16/07/2025;2025;7;16;Julho;4;Quarta-Feira;3;0;0;NULL
20250717;17/07/2025;2025;7;17;Julho;5;Quinta-Feira;3;0;0;NULL
20250718;18/07/2025;2025;7;18;Julho;6;Sexta-Feira;3;0;0;NULL
20250719;19/07/2025;2025;7;19;Julho;7;Sábado;3;1;0;NULL
20250720;20/07/2025;2025;7;20;Julho;1;Domingo;3;1;0;NULL
20250721;21/07/2025;2025;7;21;Julho;2;Segunda-Feira;3;0;0;NULL
20250722;22/07/2025;2025;7;22;Julho;3;Terça-Feira;3;0;0;NULL
20250723;23/07/2025;2025;7;23;Julho;4;Quarta-Feira;3;0;0;NULL
20250724;24/07/2025;2025;7;24;Julho;5;Quinta-Feira;3;0;0;NULL
20250725;25/07/2025;2025;7;25;Julho;6;Sexta-Feira;3;0;0;NULL
20250726;26/07/2025;2025;7;26;Julho;7;Sábado;3;1;0;NULL
20250727;27/07/2025;2025;7;27;Julho;1;Domingo;3;1;0;NULL
20250728;28/07/2025;2025;7;28;Julho;2;Segunda-Feira;3;0;0;NULL
20250729;29/07/2025;2025;7;29;Julho;3;Terça-Feira;3;0;0;NULL
20250730;30/07/2025;2025;7;30;Julho;4;Quarta-Feira;3;0;0;NULL
20250731;31/07/2025;2025;7;31;Julho;5;Quinta-Feira;3;0;0;NULL
20250801;01/08/2025;2025;8;1;Agosto;6;Sexta-Feira;3;0;0;NULL
20250802;02/08/2025;2025;8;2;Agosto;7;Sábado;3;1;0;NULL
20250803;03/08/2025;2025;8;3;Agosto;1;Domingo;3;1;0;NULL
20250804;04/08/2025;2025;8;4;Agosto;2;Segunda-Feira;3;0;0;NULL
20250805;05/08/2025;2025;8;5;Agosto;3;Terça-Feira;3;0;0;NULL
20250806;06/08/2025;2025;8;6;Agosto;4;Quarta-Feira;3;0;0;NULL
20250807;07/08/2025;2025;8;7;Agosto;5;Quinta-Feira;3;0;0;NULL
20250808;08/08/2025;2025;8;8;Agosto;6;Sexta-Feira;3;0;0;NULL
20250809;09/08/2025;2025;8;9;Agosto;7;Sábado;3;1;0;NULL
20250810;10/08/2025;2025;8;10;Agosto;1;Domingo;3;1;0;NULL
20250811;11/08/2025;2025;8;11;Agosto;2;Segunda-Feira;3;0;0;NULL
20250812;12/08/2025;2025;8;12;Agosto;3;Terça-Feira;3;0;0;NULL
20250813;13/08/2025;2025;8;13;Agosto;4;Quarta-Feira;3;0;0;NULL
20250814;14/08/2025;2025;8;14;Agosto;5;Quinta-Feira;3;0;0;NULL
20250815;15/08/2025;2025;8;15;Agosto;6;Sexta-Feira;3;0;0;NULL
20250816;16/08/2025;2025;8;16;Agosto;7;Sábado;3;1;0;NULL
20250817;17/08/2025;2025;8;17;Agosto;1;Domingo;3;1;0;NULL
20250818;18/08/2025;2025;8;18;Agosto;2;Segunda-Feira;3;0;0;NULL
20250819;19/08/2025;2025;8;19;Agosto;3;Terça-Feira;3;0;0;NULL
20250820;20/08/2025;2025;8;20;Agosto;4;Quarta-Feira;3;0;0;NULL
20250821;21/08/2025;2025;8;21;Agosto;5;Quinta-Feira;3;0;0;NULL
20250822;22/08/2025;2025;8;22;Agosto;6;Sexta-Feira;3;0;0;NULL
20250823;23/08/2025;2025;8;23;Agosto;7;Sábado;3;1;0;NULL
20250824;24/08/2025;2025;8;24;Agosto;1;Domingo;3;1;0;NULL
20250825;25/08/2025;2025;8;25;Agosto;2;Segunda-Feira;3;0;0;NULL
20250826;26/08/2025;2025;8;26;Agosto;3;Terça-Feira;3;0;0;NULL
20250827;27/08/2025;2025;8;27;Agosto;4;Quarta-Feira;3;0;0;NULL
20250828;28/08/2025;2025;8;28;Agosto;5;Quinta-Feira;3;0;0;NULL
20250829;29/08/2025;2025;8;29;Agosto;6;Sexta-Feira;3;0;0;NULL
20250830;30/08/2025;2025;8;30;Agosto;7;Sábado;3;1;0;NULL
20250831;31/08/2025;2025;8;31;Agosto;1;Domingo;3;1;0;NULL
20250901;01/09/2025;2025;9;1;Setembro;2;Segunda-Feira;3;0;0;NULL
20250902;02/09/2025;2025;9;2;Setembro;3;Terça-Feira;3;0;0;NULL
20250903;03/09/2025;2025;9;3;Setembro;4;Quarta-Feira;3;0;0;NULL
20250904;04/09/2025;2025;9;4;Setembro;5;Quinta-Feira;3;0;0;NULL
20250905;05/09/2025;2025;9;5;Setembro;6;Sexta-Feira;3;0;0;NULL
20250906;06/09/2025;2025;9;6;Setembro;7;Sábado;3;1;0;NULL
20250907;07/09/2025;2025;9;7;Setembro;1;Domingo;3;1;0;NULL
20250908;08/09/2025;2025;9;8;Setembro;2;Segunda-Feira;3;0;0;NULL
20250909;09/09/2025;2025;9;9;Setembro;3;Terça-Feira;3;0;0;NULL
20250910;10/09/2025;2025;9;10;Setembro;4;Quarta-Feira;3;0;0;NULL
20250911;11/09/2025;2025;9;11;Setembro;5;Quinta-Feira;3;0;0;NULL
20250912;12/09/2025;2025;9;12;Setembro;6;Sexta-Feira;3;0;0;NULL
20250913;13/09/2025;2025;9;13;Setembro;7;Sábado;3;1;0;NULL
20250914;14/09/2025;2025;9;14;Setembro;1;Domingo;3;1;0;NULL
20250915;15/09/2025;2025;9;15;Setembro;2;Segunda-Feira;3;0;0;NULL
20250916;16/09/2025;2025;9;16;Setembro;3;Terça-Feira;3;0;0;NULL
20250917;17/09/2025;2025;9;17;Setembro;4;Quarta-Feira;3;0;0;NULL
20250918;18/09/2025;2025;9;18;Setembro;5;Quinta-Feira;3;0;0;NULL
20250919;19/09/2025;2025;9;19;Setembro;6;Sexta-Feira;3;0;0;NULL
20250920;20/09/2025;2025;9;20;Setembro;7;Sábado;3;1;0;NULL
20250921;21/09/2025;2025;9;21;Setembro;1;Domingo;3;1;0;NULL
20250922;22/09/2025;2025;9;22;Setembro;2;Segunda-Feira;3;0;0;NULL
20250923;23/09/2025;2025;9;23;Setembro;3;Terça-Feira;3;0;0;NULL
20250924;24/09/2025;2025;9;24;Setembro;4;Quarta-Feira;3;0;0;NULL
20250925;25/09/2025;2025;9;25;Setembro;5;Quinta-Feira;3;0;0;NULL
20250926;26/09/2025;2025;9;26;Setembro;6;Sexta-Feira;3;0;0;NULL
20250927;27/09/2025;2025;9;27;Setembro;7;Sábado;3;1;0;NULL
20250928;28/09/2025;2025;9;28;Setembro;1;Domingo;3;1;0;NULL
20250929;29/09/2025;2025;9;29;Setembro;2;Segunda-Feira;3;0;0;NULL
20250930;30/09/2025;2025;9;30;Setembro;3;Terça-Feira;3;0;0;NULL
20251001;01/10/2025;2025;10;1;Outubro;4;Quarta-Feira;4;0;0;NULL
20251002;02/10/2025;2025;10;2;Outubro;5;Quinta-Feira;4;0;0;NULL
20251003;03/10/2025;2025;10;3;Outubro;6;Sexta-Feira;4;0;0;NULL
20251004;04/10/2025;2025;10;4;Outubro;7;Sábado;4;1;0;NULL
20251005;05/10/2025;2025;10;5;Outubro;1;Domingo;4;1;0;NULL
20251006;06/10/2025;2025;10;6;Outubro;2;Segunda-Feira;4;0;0;NULL
20251007;07/10/2025;2025;10;7;Outubro;3;Terça-Feira;4;0;0;NULL
20251008;08/10/2025;2025;10;8;Outubro;4;Quarta-Feira;4;0;0;NULL
20251009;09/10/2025;2025;10;9;Outubro;5;Quinta-Feira;4;0;0;NULL
20251010;10/10/2025;2025;10;10;Outubro;6;Sexta-Feira;4;0;0;NULL
20251011;11/10/2025;2025;10;11;Outubro;7;Sábado;4;1;0;NULL
20251012;12/10/2025;2025;10;12;Outubro;1;Domingo;4;1;0;NULL
20251013;13/10/2025;2025;10;13;Outubro;2;Segunda-Feira;4;0;0;NULL
20251014;14/10/2025;2025;10;14;Outubro;3;Terça-Feira;4;0;0;NULL
20251015;15/10/2025;2025;10;15;Outubro;4;Quarta-Feira;4;0;0;NULL
20251016;16/10/2025;2025;10;16;Outubro;5;Quinta-Feira;4;0;0;NULL
20251017;17/10/2025;2025;10;17;Outubro;6;Sexta-Feira;4;0;0;NULL
20251018;18/10/2025;2025;10;18;Outubro;7;Sábado;4;1;0;NULL
20251019;19/10/2025;2025;10;19;Outubro;1;Domingo;4;1;0;NULL
20251020;20/10/2025;2025;10;20;Outubro;2;Segunda-Feira;4;0;0;NULL
20251021;21/10/2025;2025;10;21;Outubro;3;Terça-Feira;4;0;0;NULL
20251022;22/10/2025;2025;10;22;Outubro;4;Quarta-Feira;4;0;0;NULL
20251023;23/10/2025;2025;10;23;Outubro;5;Quinta-Feira;4;0;0;NULL
20251024;24/10/2025;2025;10;24;Outubro;6;Sexta-Feira;4;0;0;NULL
20251025;25/10/2025;2025;10;25;Outubro;7;Sábado;4;1;0;NULL
20251026;26/10/2025;2025;10;26;Outubro;1;Domingo;4;1;0;NULL
20251027;27/10/2025;2025;10;27;Outubro;2;Segunda-Feira;4;0;0;NULL
20251028;28/10/2025;2025;10;28;Outubro;3;Terça-Feira;4;0;0;NULL
20251029;29/10/2025;2025;10;29;Outubro;4;Quarta-Feira;4;0;0;NULL
20251030;30/10/2025;2025;10;30;Outubro;5;Quinta-Feira;4;0;0;NULL
20251031;31/10/2025;2025;10;31;Outubro;6;Sexta-Feira;4;0;0;NULL
20251101;01/11/2025;2025;11;1;Novembro;7;Sábado;4;1;0;NULL
20251102;02/11/2025;2025;11;2;Novembro;1;Domingo;4;1;0;NULL
20251103;03/11/2025;2025;11;3;Novembro;2;Segunda-Feira;4;0;0;NULL
20251104;04/11/2025;2025;11;4;Novembro;3;Terça-Feira;4;0;0;NULL
20251105;05/11/2025;2025;11;5;Novembro;4;Quarta-Feira;4;0;0;NULL
20251106;06/11/2025;2025;11;6;Novembro;5;Quinta-Feira;4;0;0;NULL
20251107;07/11/2025;2025;11;7;Novembro;6;Sexta-Feira;4;0;0;NULL
20251108;08/11/2025;2025;11;8;Novembro;7;Sábado;4;1;0;NULL
20251109;09/11/2025;2025;11;9;Novembro;1;Domingo;4;1;0;NULL
20251110;10/11/2025;2025;11;10;Novembro;2;Segunda-Feira;4;0;0;NULL
20251111;11/11/2025;2025;11;11;Novembro;3;Terça-Feira;4;0;0;NULL
20251112;12/11/2025;2025;11;12;Novembro;4;Quarta-Feira;4;0;0;NULL
20251113;13/11/2025;2025;11;13;Novembro;5;Quinta-Feira;4;0;0;NULL
20251114;14/11/2025;2025;11;14;Novembro;6;Sexta-Feira;4;0;0;NULL
20251115;15/11/2025;2025;11;15;Novembro;7;Sábado;4;1;0;NULL
20251116;16/11/2025;2025;11;16;Novembro;1;Domingo;4;1;0;NULL
20251117;17/11/2025;2025;11;17;Novembro;2;Segunda-Feira;4;0;0;NULL
20251118;18/11/2025;2025;11;18;Novembro;3;Terça-Feira;4;0;0;NULL
20251119;19/11/2025;2025;11;19;Novembro;4;Quarta-Feira;4;0;0;NULL
20251120;20/11/2025;2025;11;20;Novembro;5;Quinta-Feira;4;0;0;NULL
20251121;21/11/2025;2025;11;21;Novembro;6;Sexta-Feira;4;0;0;NULL
20251122;22/11/2025;2025;11;22;Novembro;7;Sábado;4;1;0;NULL
20251123;23/11/2025;2025;11;23;Novembro;1;Domingo;4;1;0;NULL
20251124;24/11/2025;2025;11;24;Novembro;2;Segunda-Feira;4;0;0;NULL
20251125;25/11/2025;2025;11;25;Novembro;3;Terça-Feira;4;0;0;NULL
20251126;26/11/2025;2025;11;26;Novembro;4;Quarta-Feira;4;0;0;NULL
20251127;27/11/2025;2025;11;27;Novembro;5;Quinta-Feira;4;0;0;NULL
20251128;28/11/2025;2025;11;28;Novembro;6;Sexta-Feira;4;0;0;NULL
20251129;29/11/2025;2025;11;29;Novembro;7;Sábado;4;1;0;NULL
20251130;30/11/2025;2025;11;30;Novembro;1;Domingo;4;1;0;NULL
20251201;01/12/2025;2025;12;1;Dezembro;2;Segunda-Feira;4;0;0;NULL
20251202;02/12/2025;2025;12;2;Dezembro;3;Terça-Feira;4;0;0;NULL
20251203;03/12/2025;2025;12;3;Dezembro;4;Quarta-Feira;4;0;0;NULL
20251204;04/12/2025;2025;12;4;Dezembro;5;Quinta-Feira;4;0;0;NULL
20251205;05/12/2025;2025;12;5;Dezembro;6;Sexta-Feira;4;0;0;NULL
20251206;06/12/2025;2025;12;6;Dezembro;7;Sábado;4;1;0;NULL
20251207;07/12/2025;2025;12;7;Dezembro;1;Domingo;4;1;0;NULL
20251208;08/12/2025;2025;12;8;Dezembro;2;Segunda-Feira;4;0;0;NULL
20251209;09/12/2025;2025;12;9;Dezembro;3;Terça-Feira;4;0;0;NULL
20251210;10/12/2025;2025;12;10;Dezembro;4;Quarta-Feira;4;0;0;NULL
20251211;11/12/2025;2025;12;11;Dezembro;5;Quinta-Feira;4;0;0;NULL
20251212;12/12/2025;2025;12;12;Dezembro;6;Sexta-Feira;4;0;0;NULL
20251213;13/12/2025;2025;12;13;Dezembro;7;Sábado;4;1;0;NULL
20251214;14/12/2025;2025;12;14;Dezembro;1;Domingo;4;1;0;NULL
20251215;15/12/2025;2025;12;15;Dezembro;2;Segunda-Feira;4;0;0;NULL
20251216;16/12/2025;2025;12;16;Dezembro;3;Terça-Feira;4;0;0;NULL
20251217;17/12/2025;2025;12;17;Dezembro;4;Quarta-Feira;4;0;0;NULL
20251218;18/12/2025;2025;12;18;Dezembro;5;Quinta-Feira;4;0;0;NULL
20251219;19/12/2025;2025;12;19;Dezembro;6;Sexta-Feira;4;0;0;NULL
20251220;20/12/2025;2025;12;20;Dezembro;7;Sábado;4;1;0;NULL
20251221;21/12/2025;2025;12;21;Dezembro;1;Domingo;4;1;0;NULL
20251222;22/12/2025;2025;12;22;Dezembro;2;Segunda-Feira;4;0;0;NULL
20251223;23/12/2025;2025;12;23;Dezembro;3;Terça-Feira;4;0;0;NULL
20251224;24/12/2025;2025;12;24;Dezembro;4;Quarta-Feira;4;0;0;NULL
20251225;25/12/2025;2025;12;25;Dezembro;5;Quinta-Feira;4;0;0;NULL
20251226;26/12/2025;2025;12;26;Dezembro;6;Sexta-Feira;4;0;0;NULL
20251227;27/12/2025;2025;12;27;Dezembro;7;Sábado;4;1;0;NULL
20251228;28/12/2025;2025;12;28;Dezembro;1;Domingo;4;1;0;NULL
20251229;29/12/2025;2025;12;29;Dezembro;2;Segunda-Feira;4;0;0;NULL
20251230;30/12/2025;2025;12;30;Dezembro;3;Terça-Feira;4;0;0;NULL
20251231;31/12/2025;2025;12;31;Dezembro;4;Quarta-Feira;4;0;0;NULL
20260101;01/01/2026;2026;1;1;Janeiro;5;Quinta-Feira;1;0;0;NULL
20260102;02/01/2026;2026;1;2;Janeiro;6;Sexta-Feira;1;0;0;NULL
20260103;03/01/2026;2026;1;3;Janeiro;7;Sábado;1;1;0;NULL
20260104;04/01/2026;2026;1;4;Janeiro;1;Domingo;1;1;0;NULL
20260105;05/01/2026;2026;1;5;Janeiro;2;Segunda-Feira;1;0;0;NULL
20260106;06/01/2026;2026;1;6;Janeiro;3;Terça-Feira;1;0;0;NULL
20260107;07/01/2026;2026;1;7;Janeiro;4;Quarta-Feira;1;0;0;NULL
20260108;08/01/2026;2026;1;8;Janeiro;5;Quinta-Feira;1;0;0;NULL
20260109;09/01/2026;2026;1;9;Janeiro;6;Sexta-Feira;1;0;0;NULL
20260110;10/01/2026;2026;1;10;Janeiro;7;Sábado;1;1;0;NULL
20260111;11/01/2026;2026;1;11;Janeiro;1;Domingo;1;1;0;NULL
20260112;12/01/2026;2026;1;12;Janeiro;2;Segunda-Feira;1;0;0;NULL
20260113;13/01/2026;2026;1;13;Janeiro;3;Terça-Feira;1;0;0;NULL
20260114;14/01/2026;2026;1;14;Janeiro;4;Quarta-Feira;1;0;0;NULL
20260115;15/01/2026;2026;1;15;Janeiro;5;Quinta-Feira;1;0;0;NULL
20260116;16/01/2026;2026;1;16;Janeiro;6;Sexta-Feira;1;0;0;NULL
20260117;17/01/2026;2026;1;17;Janeiro;7;Sábado;1;1;0;NULL
20260118;18/01/2026;2026;1;18;Janeiro;1;Domingo;1;1;0;NULL
20260119;19/01/2026;2026;1;19;Janeiro;2;Segunda-Feira;1;0;0;NULL
20260120;20/01/2026;2026;1;20;Janeiro;3;Terça-Feira;1;0;0;NULL
20260121;21/01/2026;2026;1;21;Janeiro;4;Quarta-Feira;1;0;0;NULL
20260122;22/01/2026;2026;1;22;Janeiro;5;Quinta-Feira;1;0;0;NULL
20260123;23/01/2026;2026;1;23;Janeiro;6;Sexta-Feira;1;0;0;NULL
20260124;24/01/2026;2026;1;24;Janeiro;7;Sábado;1;1;0;NULL
20260125;25/01/2026;2026;1;25;Janeiro;1;Domingo;1;1;0;NULL
20260126;26/01/2026;2026;1;26;Janeiro;2;Segunda-Feira;1;0;0;NULL
20260127;27/01/2026;2026;1;27;Janeiro;3;Terça-Feira;1;0;0;NULL
20260128;28/01/2026;2026;1;28;Janeiro;4;Quarta-Feira;1;0;0;NULL
20260129;29/01/2026;2026;1;29;Janeiro;5;Quinta-Feira;1;0;0;NULL
20260130;30/01/2026;2026;1;30;Janeiro;6;Sexta-Feira;1;0;0;NULL
20260131;31/01/2026;2026;1;31;Janeiro;7;Sábado;1;1;0;NULL
20260201;01/02/2026;2026;2;1;Fevereiro;1;Domingo;1;1;0;NULL
20260202;02/02/2026;2026;2;2;Fevereiro;2;Segunda-Feira;1;0;0;NULL
20260203;03/02/2026;2026;2;3;Fevereiro;3;Terça-Feira;1;0;0;NULL
20260204;04/02/2026;2026;2;4;Fevereiro;4;Quarta-Feira;1;0;0;NULL
20260205;05/02/2026;2026;2;5;Fevereiro;5;Quinta-Feira;1;0;0;NULL
20260206;06/02/2026;2026;2;6;Fevereiro;6;Sexta-Feira;1;0;0;NULL
20260207;07/02/2026;2026;2;7;Fevereiro;7;Sábado;1;1;0;NULL
20260208;08/02/2026;2026;2;8;Fevereiro;1;Domingo;1;1;0;NULL
20260209;09/02/2026;2026;2;9;Fevereiro;2;Segunda-Feira;1;0;0;NULL
20260210;10/02/2026;2026;2;10;Fevereiro;3;Terça-Feira;1;0;0;NULL
20260211;11/02/2026;2026;2;11;Fevereiro;4;Quarta-Feira;1;0;0;NULL
20260212;12/02/2026;2026;2;12;Fevereiro;5;Quinta-Feira;1;0;0;NULL
20260213;13/02/2026;2026;2;13;Fevereiro;6;Sexta-Feira;1;0;0;NULL
20260214;14/02/2026;2026;2;14;Fevereiro;7;Sábado;1;1;0;NULL
20260215;15/02/2026;2026;2;15;Fevereiro;1;Domingo;1;1;0;NULL
20260216;16/02/2026;2026;2;16;Fevereiro;2;Segunda-Feira;1;0;0;NULL
20260217;17/02/2026;2026;2;17;Fevereiro;3;Terça-Feira;1;0;0;NULL
20260218;18/02/2026;2026;2;18;Fevereiro;4;Quarta-Feira;1;0;0;NULL
20260219;19/02/2026;2026;2;19;Fevereiro;5;Quinta-Feira;1;0;0;NULL
20260220;20/02/2026;2026;2;20;Fevereiro;6;Sexta-Feira;1;0;0;NULL
20260221;21/02/2026;2026;2;21;Fevereiro;7;Sábado;1;1;0;NULL
20260222;22/02/2026;2026;2;22;Fevereiro;1;Domingo;1;1;0;NULL
20260223;23/02/2026;2026;2;23;Fevereiro;2;Segunda-Feira;1;0;0;NULL
20260224;24/02/2026;2026;2;24;Fevereiro;3;Terça-Feira;1;0;0;NULL
20260225;25/02/2026;2026;2;25;Fevereiro;4;Quarta-Feira;1;0;0;NULL
20260226;26/02/2026;2026;2;26;Fevereiro;5;Quinta-Feira;1;0;0;NULL
20260227;27/02/2026;2026;2;27;Fevereiro;6;Sexta-Feira;1;0;0;NULL
20260228;28/02/2026;2026;2;28;Fevereiro;7;Sábado;1;1;0;NULL
20260301;01/03/2026;2026;3;1;Março;1;Domingo;1;1;0;NULL
20260302;02/03/2026;2026;3;2;Março;2;Segunda-Feira;1;0;0;NULL
20260303;03/03/2026;2026;3;3;Março;3;Terça-Feira;1;0;0;NULL
20260304;04/03/2026;2026;3;4;Março;4;Quarta-Feira;1;0;0;NULL
20260305;05/03/2026;2026;3;5;Março;5;Quinta-Feira;1;0;0;NULL
20260306;06/03/2026;2026;3;6;Março;6;Sexta-Feira;1;0;0;NULL
20260307;07/03/2026;2026;3;7;Março;7;Sábado;1;1;0;NULL
20260308;08/03/2026;2026;3;8;Março;1;Domingo;1;1;0;NULL
20260309;09/03/2026;2026;3;9;Março;2;Segunda-Feira;1;0;0;NULL
20260310;10/03/2026;2026;3;10;Março;3;Terça-Feira;1;0;0;NULL
20260311;11/03/2026;2026;3;11;Março;4;Quarta-Feira;1;0;0;NULL
20260312;12/03/2026;2026;3;12;Março;5;Quinta-Feira;1;0;0;NULL
20260313;13/03/2026;2026;3;13;Março;6;Sexta-Feira;1;0;0;NULL
20260314;14/03/2026;2026;3;14;Março;7;Sábado;1;1;0;NULL
20260315;15/03/2026;2026;3;15;Março;1;Domingo;1;1;0;NULL
20260316;16/03/2026;2026;3;16;Março;2;Segunda-Feira;1;0;0;NULL
20260317;17/03/2026;2026;3;17;Março;3;Terça-Feira;1;0;0;NULL
20260318;18/03/2026;2026;3;18;Março;4;Quarta-Feira;1;0;0;NULL
20260319;19/03/2026;2026;3;19;Março;5;Quinta-Feira;1;0;0;NULL
20260320;20/03/2026;2026;3;20;Março;6;Sexta-Feira;1;0;0;NULL
20260321;21/03/2026;2026;3;21;Março;7;Sábado;1;1;0;NULL
20260322;22/03/2026;2026;3;22;Março;1;Domingo;1;1;0;NULL
20260323;23/03/2026;2026;3;23;Março;2;Segunda-Feira;1;0;0;NULL
20260324;24/03/2026;2026;3;24;Março;3;Terça-Feira;1;0;0;NULL
20260325;25/03/2026;2026;3;25;Março;4;Quarta-Feira;1;0;0;NULL
20260326;26/03/2026;2026;3;26;Março;5;Quinta-Feira;1;0;0;NULL
20260327;27/03/2026;2026;3;27;Março;6;Sexta-Feira;1;0;0;NULL
20260328;28/03/2026;2026;3;28;Março;7;Sábado;1;1;0;NULL
20260329;29/03/2026;2026;3;29;Março;1;Domingo;1;1;0;NULL
20260330;30/03/2026;2026;3;30;Março;2;Segunda-Feira;1;0;0;NULL
20260331;31/03/2026;2026;3;31;Março;3;Terça-Feira;1;0;0;NULL
20260401;01/04/2026;2026;4;1;Abril;4;Quarta-Feira;2;0;0;NULL
20260402;02/04/2026;2026;4;2;Abril;5;Quinta-Feira;2;0;0;NULL
20260403;03/04/2026;2026;4;3;Abril;6;Sexta-Feira;2;0;0;NULL
20260404;04/04/2026;2026;4;4;Abril;7;Sábado;2;1;0;NULL
20260405;05/04/2026;2026;4;5;Abril;1;Domingo;2;1;0;NULL
20260406;06/04/2026;2026;4;6;Abril;2;Segunda-Feira;2;0;0;NULL
20260407;07/04/2026;2026;4;7;Abril;3;Terça-Feira;2;0;0;NULL
20260408;08/04/2026;2026;4;8;Abril;4;Quarta-Feira;2;0;0;NULL
20260409;09/04/2026;2026;4;9;Abril;5;Quinta-Feira;2;0;0;NULL
20260410;10/04/2026;2026;4;10;Abril;6;Sexta-Feira;2;0;0;NULL
20260411;11/04/2026;2026;4;11;Abril;7;Sábado;2;1;0;NULL
20260412;12/04/2026;2026;4;12;Abril;1;Domingo;2;1;0;NULL
20260413;13/04/2026;2026;4;13;Abril;2;Segunda-Feira;2;0;0;NULL
20260414;14/04/2026;2026;4;14;Abril;3;Terça-Feira;2;0;0;NULL
20260415;15/04/2026;2026;4;15;Abril;4;Quarta-Feira;2;0;0;NULL
20260416;16/04/2026;2026;4;16;Abril;5;Quinta-Feira;2;0;0;NULL
20260417;17/04/2026;2026;4;17;Abril;6;Sexta-Feira;2;0;0;NULL
20260418;18/04/2026;2026;4;18;Abril;7;Sábado;2;1;0;NULL
20260419;19/04/2026;2026;4;19;Abril;1;Domingo;2;1;0;NULL
20260420;20/04/2026;2026;4;20;Abril;2;Segunda-Feira;2;0;0;NULL
20260421;21/04/2026;2026;4;21;Abril;3;Terça-Feira;2;0;0;NULL
20260422;22/04/2026;2026;4;22;Abril;4;Quarta-Feira;2;0;0;NULL
20260423;23/04/2026;2026;4;23;Abril;5;Quinta-Feira;2;0;0;NULL
20260424;24/04/2026;2026;4;24;Abril;6;Sexta-Feira;2;0;0;NULL
20260425;25/04/2026;2026;4;25;Abril;7;Sábado;2;1;0;NULL
20260426;26/04/2026;2026;4;26;Abril;1;Domingo;2;1;0;NULL
20260427;27/04/2026;2026;4;27;Abril;2;Segunda-Feira;2;0;0;NULL
20260428;28/04/2026;2026;4;28;Abril;3;Terça-Feira;2;0;0;NULL
20260429;29/04/2026;2026;4;29;Abril;4;Quarta-Feira;2;0;0;NULL
20260430;30/04/2026;2026;4;30;Abril;5;Quinta-Feira;2;0;0;NULL
20260501;01/05/2026;2026;5;1;Maio;6;Sexta-Feira;2;0;0;NULL
20260502;02/05/2026;2026;5;2;Maio;7;Sábado;2;1;0;NULL
20260503;03/05/2026;2026;5;3;Maio;1;Domingo;2;1;0;NULL
20260504;04/05/2026;2026;5;4;Maio;2;Segunda-Feira;2;0;0;NULL
20260505;05/05/2026;2026;5;5;Maio;3;Terça-Feira;2;0;0;NULL
20260506;06/05/2026;2026;5;6;Maio;4;Quarta-Feira;2;0;0;NULL
20260507;07/05/2026;2026;5;7;Maio;5;Quinta-Feira;2;0;0;NULL
20260508;08/05/2026;2026;5;8;Maio;6;Sexta-Feira;2;0;0;NULL
20260509;09/05/2026;2026;5;9;Maio;7;Sábado;2;1;0;NULL
20260510;10/05/2026;2026;5;10;Maio;1;Domingo;2;1;0;NULL
20260511;11/05/2026;2026;5;11;Maio;2;Segunda-Feira;2;0;0;NULL
20260512;12/05/2026;2026;5;12;Maio;3;Terça-Feira;2;0;0;NULL
20260513;13/05/2026;2026;5;13;Maio;4;Quarta-Feira;2;0;0;NULL
20260514;14/05/2026;2026;5;14;Maio;5;Quinta-Feira;2;0;0;NULL
20260515;15/05/2026;2026;5;15;Maio;6;Sexta-Feira;2;0;0;NULL
20260516;16/05/2026;2026;5;16;Maio;7;Sábado;2;1;0;NULL
20260517;17/05/2026;2026;5;17;Maio;1;Domingo;2;1;0;NULL
20260518;18/05/2026;2026;5;18;Maio;2;Segunda-Feira;2;0;0;NULL
20260519;19/05/2026;2026;5;19;Maio;3;Terça-Feira;2;0;0;NULL
20260520;20/05/2026;2026;5;20;Maio;4;Quarta-Feira;2;0;0;NULL
20260521;21/05/2026;2026;5;21;Maio;5;Quinta-Feira;2;0;0;NULL
20260522;22/05/2026;2026;5;22;Maio;6;Sexta-Feira;2;0;0;NULL
20260523;23/05/2026;2026;5;23;Maio;7;Sábado;2;1;0;NULL
20260524;24/05/2026;2026;5;24;Maio;1;Domingo;2;1;0;NULL
20260525;25/05/2026;2026;5;25;Maio;2;Segunda-Feira;2;0;0;NULL
20260526;26/05/2026;2026;5;26;Maio;3;Terça-Feira;2;0;0;NULL
20260527;27/05/2026;2026;5;27;Maio;4;Quarta-Feira;2;0;0;NULL
20260528;28/05/2026;2026;5;28;Maio;5;Quinta-Feira;2;0;0;NULL
20260529;29/05/2026;2026;5;29;Maio;6;Sexta-Feira;2;0;0;NULL
20260530;30/05/2026;2026;5;30;Maio;7;Sábado;2;1;0;NULL
20260531;31/05/2026;2026;5;31;Maio;1;Domingo;2;1;0;NULL
20260601;01/06/2026;2026;6;1;Junho;2;Segunda-Feira;2;0;0;NULL
20260602;02/06/2026;2026;6;2;Junho;3;Terça-Feira;2;0;0;NULL
20260603;03/06/2026;2026;6;3;Junho;4;Quarta-Feira;2;0;0;NULL
20260604;04/06/2026;2026;6;4;Junho;5;Quinta-Feira;2;0;0;NULL
20260605;05/06/2026;2026;6;5;Junho;6;Sexta-Feira;2;0;0;NULL
20260606;06/06/2026;2026;6;6;Junho;7;Sábado;2;1;0;NULL
20260607;07/06/2026;2026;6;7;Junho;1;Domingo;2;1;0;NULL
20260608;08/06/2026;2026;6;8;Junho;2;Segunda-Feira;2;0;0;NULL
20260609;09/06/2026;2026;6;9;Junho;3;Terça-Feira;2;0;0;NULL
20260610;10/06/2026;2026;6;10;Junho;4;Quarta-Feira;2;0;0;NULL
20260611;11/06/2026;2026;6;11;Junho;5;Quinta-Feira;2;0;0;NULL
20260612;12/06/2026;2026;6;12;Junho;6;Sexta-Feira;2;0;0;NULL
20260613;13/06/2026;2026;6;13;Junho;7;Sábado;2;1;0;NULL
20260614;14/06/2026;2026;6;14;Junho;1;Domingo;2;1;0;NULL
20260615;15/06/2026;2026;6;15;Junho;2;Segunda-Feira;2;0;0;NULL
20260616;16/06/2026;2026;6;16;Junho;3;Terça-Feira;2;0;0;NULL
20260617;17/06/2026;2026;6;17;Junho;4;Quarta-Feira;2;0;0;NULL
20260618;18/06/2026;2026;6;18;Junho;5;Quinta-Feira;2;0;0;NULL
20260619;19/06/2026;2026;6;19;Junho;6;Sexta-Feira;2;0;0;NULL
20260620;20/06/2026;2026;6;20;Junho;7;Sábado;2;1;0;NULL
20260621;21/06/2026;2026;6;21;Junho;1;Domingo;2;1;0;NULL
20260622;22/06/2026;2026;6;22;Junho;2;Segunda-Feira;2;0;0;NULL
20260623;23/06/2026;2026;6;23;Junho;3;Terça-Feira;2;0;0;NULL
20260624;24/06/2026;2026;6;24;Junho;4;Quarta-Feira;2;0;0;NULL
20260625;25/06/2026;2026;6;25;Junho;5;Quinta-Feira;2;0;0;NULL
20260626;26/06/2026;2026;6;26;Junho;6;Sexta-Feira;2;0;0;NULL
20260627;27/06/2026;2026;6;27;Junho;7;Sábado;2;1;0;NULL
20260628;28/06/2026;2026;6;28;Junho;1;Domingo;2;1;0;NULL
20260629;29/06/2026;2026;6;29;Junho;2;Segunda-Feira;2;0;0;NULL
20260630;30/06/2026;2026;6;30;Junho;3;Terça-Feira;2;0;0;NULL
20260701;01/07/2026;2026;7;1;Julho;4;Quarta-Feira;3;0;0;NULL
20260702;02/07/2026;2026;7;2;Julho;5;Quinta-Feira;3;0;0;NULL
20260703;03/07/2026;2026;7;3;Julho;6;Sexta-Feira;3;0;0;NULL
20260704;04/07/2026;2026;7;4;Julho;7;Sábado;3;1;0;NULL
20260705;05/07/2026;2026;7;5;Julho;1;Domingo;3;1;0;NULL
20260706;06/07/2026;2026;7;6;Julho;2;Segunda-Feira;3;0;0;NULL
20260707;07/07/2026;2026;7;7;Julho;3;Terça-Feira;3;0;0;NULL
20260708;08/07/2026;2026;7;8;Julho;4;Quarta-Feira;3;0;0;NULL
20260709;09/07/2026;2026;7;9;Julho;5;Quinta-Feira;3;0;0;NULL
20260710;10/07/2026;2026;7;10;Julho;6;Sexta-Feira;3;0;0;NULL
20260711;11/07/2026;2026;7;11;Julho;7;Sábado;3;1;0;NULL
20260712;12/07/2026;2026;7;12;Julho;1;Domingo;3;1;0;NULL
20260713;13/07/2026;2026;7;13;Julho;2;Segunda-Feira;3;0;0;NULL
20260714;14/07/2026;2026;7;14;Julho;3;Terça-Feira;3;0;0;NULL
20260715;15/07/2026;2026;7;15;Julho;4;Quarta-Feira;3;0;0;NULL
20260716;16/07/2026;2026;7;16;Julho;5;Quinta-Feira;3;0;0;NULL
20260717;17/07/2026;2026;7;17;Julho;6;Sexta-Feira;3;0;0;NULL
20260718;18/07/2026;2026;7;18;Julho;7;Sábado;3;1;0;NULL
20260719;19/07/2026;2026;7;19;Julho;1;Domingo;3;1;0;NULL
20260720;20/07/2026;2026;7;20;Julho;2;Segunda-Feira;3;0;0;NULL
20260721;21/07/2026;2026;7;21;Julho;3;Terça-Feira;3;0;0;NULL
20260722;22/07/2026;2026;7;22;Julho;4;Quarta-Feira;3;0;0;NULL
20260723;23/07/2026;2026;7;23;Julho;5;Quinta-Feira;3;0;0;NULL
20260724;24/07/2026;2026;7;24;Julho;6;Sexta-Feira;3;0;0;NULL
20260725;25/07/2026;2026;7;25;Julho;7;Sábado;3;1;0;NULL
20260726;26/07/2026;2026;7;26;Julho;1;Domingo;3;1;0;NULL
20260727;27/07/2026;2026;7;27;Julho;2;Segunda-Feira;3;0;0;NULL
20260728;28/07/2026;2026;7;28;Julho;3;Terça-Feira;3;0;0;NULL
20260729;29/07/2026;2026;7;29;Julho;4;Quarta-Feira;3;0;0;NULL
20260730;30/07/2026;2026;7;30;Julho;5;Quinta-Feira;3;0;0;NULL
20260731;31/07/2026;2026;7;31;Julho;6;Sexta-Feira;3;0;0;NULL
20260801;01/08/2026;2026;8;1;Agosto;7;Sábado;3;1;0;NULL
20260802;02/08/2026;2026;8;2;Agosto;1;Domingo;3;1;0;NULL
20260803;03/08/2026;2026;8;3;Agosto;2;Segunda-Feira;3;0;0;NULL
20260804;04/08/2026;2026;8;4;Agosto;3;Terça-Feira;3;0;0;NULL
20260805;05/08/2026;2026;8;5;Agosto;4;Quarta-Feira;3;0;0;NULL
20260806;06/08/2026;2026;8;6;Agosto;5;Quinta-Feira;3;0;0;NULL
20260807;07/08/2026;2026;8;7;Agosto;6;Sexta-Feira;3;0;0;NULL
20260808;08/08/2026;2026;8;8;Agosto;7;Sábado;3;1;0;NULL
20260809;09/08/2026;2026;8;9;Agosto;1;Domingo;3;1;0;NULL
20260810;10/08/2026;2026;8;10;Agosto;2;Segunda-Feira;3;0;0;NULL
20260811;11/08/2026;2026;8;11;Agosto;3;Terça-Feira;3;0;0;NULL
20260812;12/08/2026;2026;8;12;Agosto;4;Quarta-Feira;3;0;0;NULL
20260813;13/08/2026;2026;8;13;Agosto;5;Quinta-Feira;3;0;0;NULL
20260814;14/08/2026;2026;8;14;Agosto;6;Sexta-Feira;3;0;0;NULL
20260815;15/08/2026;2026;8;15;Agosto;7;Sábado;3;1;0;NULL
20260816;16/08/2026;2026;8;16;Agosto;1;Domingo;3;1;0;NULL
20260817;17/08/2026;2026;8;17;Agosto;2;Segunda-Feira;3;0;0;NULL
20260818;18/08/2026;2026;8;18;Agosto;3;Terça-Feira;3;0;0;NULL
20260819;19/08/2026;2026;8;19;Agosto;4;Quarta-Feira;3;0;0;NULL
20260820;20/08/2026;2026;8;20;Agosto;5;Quinta-Feira;3;0;0;NULL
20260821;21/08/2026;2026;8;21;Agosto;6;Sexta-Feira;3;0;0;NULL
20260822;22/08/2026;2026;8;22;Agosto;7;Sábado;3;1;0;NULL
20260823;23/08/2026;2026;8;23;Agosto;1;Domingo;3;1;0;NULL
20260824;24/08/2026;2026;8;24;Agosto;2;Segunda-Feira;3;0;0;NULL
20260825;25/08/2026;2026;8;25;Agosto;3;Terça-Feira;3;0;0;NULL
20260826;26/08/2026;2026;8;26;Agosto;4;Quarta-Feira;3;0;0;NULL
20260827;27/08/2026;2026;8;27;Agosto;5;Quinta-Feira;3;0;0;NULL
20260828;28/08/2026;2026;8;28;Agosto;6;Sexta-Feira;3;0;0;NULL
20260829;29/08/2026;2026;8;29;Agosto;7;Sábado;3;1;0;NULL
20260830;30/08/2026;2026;8;30;Agosto;1;Domingo;3;1;0;NULL
20260831;31/08/2026;2026;8;31;Agosto;2;Segunda-Feira;3;0;0;NULL
20260901;01/09/2026;2026;9;1;Setembro;3;Terça-Feira;3;0;0;NULL
20260902;02/09/2026;2026;9;2;Setembro;4;Quarta-Feira;3;0;0;NULL
20260903;03/09/2026;2026;9;3;Setembro;5;Quinta-Feira;3;0;0;NULL
20260904;04/09/2026;2026;9;4;Setembro;6;Sexta-Feira;3;0;0;NULL
20260905;05/09/2026;2026;9;5;Setembro;7;Sábado;3;1;0;NULL
20260906;06/09/2026;2026;9;6;Setembro;1;Domingo;3;1;0;NULL
20260907;07/09/2026;2026;9;7;Setembro;2;Segunda-Feira;3;0;0;NULL
20260908;08/09/2026;2026;9;8;Setembro;3;Terça-Feira;3;0;0;NULL
20260909;09/09/2026;2026;9;9;Setembro;4;Quarta-Feira;3;0;0;NULL
20260910;10/09/2026;2026;9;10;Setembro;5;Quinta-Feira;3;0;0;NULL
20260911;11/09/2026;2026;9;11;Setembro;6;Sexta-Feira;3;0;0;NULL
20260912;12/09/2026;2026;9;12;Setembro;7;Sábado;3;1;0;NULL
20260913;13/09/2026;2026;9;13;Setembro;1;Domingo;3;1;0;NULL
20260914;14/09/2026;2026;9;14;Setembro;2;Segunda-Feira;3;0;0;NULL
20260915;15/09/2026;2026;9;15;Setembro;3;Terça-Feira;3;0;0;NULL
20260916;16/09/2026;2026;9;16;Setembro;4;Quarta-Feira;3;0;0;NULL
20260917;17/09/2026;2026;9;17;Setembro;5;Quinta-Feira;3;0;0;NULL
20260918;18/09/2026;2026;9;18;Setembro;6;Sexta-Feira;3;0;0;NULL
20260919;19/09/2026;2026;9;19;Setembro;7;Sábado;3;1;0;NULL
20260920;20/09/2026;2026;9;20;Setembro;1;Domingo;3;1;0;NULL
20260921;21/09/2026;2026;9;21;Setembro;2;Segunda-Feira;3;0;0;NULL
20260922;22/09/2026;2026;9;22;Setembro;3;Terça-Feira;3;0;0;NULL
20260923;23/09/2026;2026;9;23;Setembro;4;Quarta-Feira;3;0;0;NULL
20260924;24/09/2026;2026;9;24;Setembro;5;Quinta-Feira;3;0;0;NULL
20260925;25/09/2026;2026;9;25;Setembro;6;Sexta-Feira;3;0;0;NULL
20260926;26/09/2026;2026;9;26;Setembro;7;Sábado;3;1;0;NULL
20260927;27/09/2026;2026;9;27;Setembro;1;Domingo;3;1;0;NULL
20260928;28/09/2026;2026;9;28;Setembro;2;Segunda-Feira;3;0;0;NULL
20260929;29/09/2026;2026;9;29;Setembro;3;Terça-Feira;3;0;0;NULL
20260930;30/09/2026;2026;9;30;Setembro;4;Quarta-Feira;3;0;0;NULL
20261001;01/10/2026;2026;10;1;Outubro;5;Quinta-Feira;4;0;0;NULL
20261002;02/10/2026;2026;10;2;Outubro;6;Sexta-Feira;4;0;0;NULL
20261003;03/10/2026;2026;10;3;Outubro;7;Sábado;4;1;0;NULL
20261004;04/10/2026;2026;10;4;Outubro;1;Domingo;4;1;0;NULL
20261005;05/10/2026;2026;10;5;Outubro;2;Segunda-Feira;4;0;0;NULL
20261006;06/10/2026;2026;10;6;Outubro;3;Terça-Feira;4;0;0;NULL
20261007;07/10/2026;2026;10;7;Outubro;4;Quarta-Feira;4;0;0;NULL
20261008;08/10/2026;2026;10;8;Outubro;5;Quinta-Feira;4;0;0;NULL
20261009;09/10/2026;2026;10;9;Outubro;6;Sexta-Feira;4;0;0;NULL
20261010;10/10/2026;2026;10;10;Outubro;7;Sábado;4;1;0;NULL
20261011;11/10/2026;2026;10;11;Outubro;1;Domingo;4;1;0;NULL
20261012;12/10/2026;2026;10;12;Outubro;2;Segunda-Feira;4;0;0;NULL
20261013;13/10/2026;2026;10;13;Outubro;3;Terça-Feira;4;0;0;NULL
20261014;14/10/2026;2026;10;14;Outubro;4;Quarta-Feira;4;0;0;NULL
20261015;15/10/2026;2026;10;15;Outubro;5;Quinta-Feira;4;0;0;NULL
20261016;16/10/2026;2026;10;16;Outubro;6;Sexta-Feira;4;0;0;NULL
20261017;17/10/2026;2026;10;17;Outubro;7;Sábado;4;1;0;NULL
20261018;18/10/2026;2026;10;18;Outubro;1;Domingo;4;1;0;NULL
20261019;19/10/2026;2026;10;19;Outubro;2;Segunda-Feira;4;0;0;NULL
20261020;20/10/2026;2026;10;20;Outubro;3;Terça-Feira;4;0;0;NULL
20261021;21/10/2026;2026;10;21;Outubro;4;Quarta-Feira;4;0;0;NULL
20261022;22/10/2026;2026;10;22;Outubro;5;Quinta-Feira;4;0;0;NULL
20261023;23/10/2026;2026;10;23;Outubro;6;Sexta-Feira;4;0;0;NULL
20261024;24/10/2026;2026;10;24;Outubro;7;Sábado;4;1;0;NULL
20261025;25/10/2026;2026;10;25;Outubro;1;Domingo;4;1;0;NULL
20261026;26/10/2026;2026;10;26;Outubro;2;Segunda-Feira;4;0;0;NULL
20261027;27/10/2026;2026;10;27;Outubro;3;Terça-Feira;4;0;0;NULL
20261028;28/10/2026;2026;10;28;Outubro;4;Quarta-Feira;4;0;0;NULL
20261029;29/10/2026;2026;10;29;Outubro;5;Quinta-Feira;4;0;0;NULL
20261030;30/10/2026;2026;10;30;Outubro;6;Sexta-Feira;4;0;0;NULL
20261031;31/10/2026;2026;10;31;Outubro;7;Sábado;4;1;0;NULL
20261101;01/11/2026;2026;11;1;Novembro;1;Domingo;4;1;0;NULL
20261102;02/11/2026;2026;11;2;Novembro;2;Segunda-Feira;4;0;0;NULL
20261103;03/11/2026;2026;11;3;Novembro;3;Terça-Feira;4;0;0;NULL
20261104;04/11/2026;2026;11;4;Novembro;4;Quarta-Feira;4;0;0;NULL
20261105;05/11/2026;2026;11;5;Novembro;5;Quinta-Feira;4;0;0;NULL
20261106;06/11/2026;2026;11;6;Novembro;6;Sexta-Feira;4;0;0;NULL
20261107;07/11/2026;2026;11;7;Novembro;7;Sábado;4;1;0;NULL
20261108;08/11/2026;2026;11;8;Novembro;1;Domingo;4;1;0;NULL
20261109;09/11/2026;2026;11;9;Novembro;2;Segunda-Feira;4;0;0;NULL
20261110;10/11/2026;2026;11;10;Novembro;3;Terça-Feira;4;0;0;NULL
20261111;11/11/2026;2026;11;11;Novembro;4;Quarta-Feira;4;0;0;NULL
20261112;12/11/2026;2026;11;12;Novembro;5;Quinta-Feira;4;0;0;NULL
20261113;13/11/2026;2026;11;13;Novembro;6;Sexta-Feira;4;0;0;NULL
20261114;14/11/2026;2026;11;14;Novembro;7;Sábado;4;1;0;NULL
20261115;15/11/2026;2026;11;15;Novembro;1;Domingo;4;1;0;NULL
20261116;16/11/2026;2026;11;16;Novembro;2;Segunda-Feira;4;0;0;NULL
20261117;17/11/2026;2026;11;17;Novembro;3;Terça-Feira;4;0;0;NULL
20261118;18/11/2026;2026;11;18;Novembro;4;Quarta-Feira;4;0;0;NULL
20261119;19/11/2026;2026;11;19;Novembro;5;Quinta-Feira;4;0;0;NULL
20261120;20/11/2026;2026;11;20;Novembro;6;Sexta-Feira;4;0;0;NULL
20261121;21/11/2026;2026;11;21;Novembro;7;Sábado;4;1;0;NULL
20261122;22/11/2026;2026;11;22;Novembro;1;Domingo;4;1;0;NULL
20261123;23/11/2026;2026;11;23;Novembro;2;Segunda-Feira;4;0;0;NULL
20261124;24/11/2026;2026;11;24;Novembro;3;Terça-Feira;4;0;0;NULL
20261125;25/11/2026;2026;11;25;Novembro;4;Quarta-Feira;4;0;0;NULL
20261126;26/11/2026;2026;11;26;Novembro;5;Quinta-Feira;4;0;0;NULL
20261127;27/11/2026;2026;11;27;Novembro;6;Sexta-Feira;4;0;0;NULL
20261128;28/11/2026;2026;11;28;Novembro;7;Sábado;4;1;0;NULL
20261129;29/11/2026;2026;11;29;Novembro;1;Domingo;4;1;0;NULL
20261130;30/11/2026;2026;11;30;Novembro;2;Segunda-Feira;4;0;0;NULL
20261201;01/12/2026;2026;12;1;Dezembro;3;Terça-Feira;4;0;0;NULL
20261202;02/12/2026;2026;12;2;Dezembro;4;Quarta-Feira;4;0;0;NULL
20261203;03/12/2026;2026;12;3;Dezembro;5;Quinta-Feira;4;0;0;NULL
20261204;04/12/2026;2026;12;4;Dezembro;6;Sexta-Feira;4;0;0;NULL
20261205;05/12/2026;2026;12;5;Dezembro;7;Sábado;4;1;0;NULL
20261206;06/12/2026;2026;12;6;Dezembro;1;Domingo;4;1;0;NULL
20261207;07/12/2026;2026;12;7;Dezembro;2;Segunda-Feira;4;0;0;NULL
20261208;08/12/2026;2026;12;8;Dezembro;3;Terça-Feira;4;0;0;NULL
20261209;09/12/2026;2026;12;9;Dezembro;4;Quarta-Feira;4;0;0;NULL
20261210;10/12/2026;2026;12;10;Dezembro;5;Quinta-Feira;4;0;0;NULL
20261211;11/12/2026;2026;12;11;Dezembro;6;Sexta-Feira;4;0;0;NULL
20261212;12/12/2026;2026;12;12;Dezembro;7;Sábado;4;1;0;NULL
20261213;13/12/2026;2026;12;13;Dezembro;1;Domingo;4;1;0;NULL
20261214;14/12/2026;2026;12;14;Dezembro;2;Segunda-Feira;4;0;0;NULL
20261215;15/12/2026;2026;12;15;Dezembro;3;Terça-Feira;4;0;0;NULL
20261216;16/12/2026;2026;12;16;Dezembro;4;Quarta-Feira;4;0;0;NULL
20261217;17/12/2026;2026;12;17;Dezembro;5;Quinta-Feira;4;0;0;NULL
20261218;18/12/2026;2026;12;18;Dezembro;6;Sexta-Feira;4;0;0;NULL
20261219;19/12/2026;2026;12;19;Dezembro;7;Sábado;4;1;0;NULL
20261220;20/12/2026;2026;12;20;Dezembro;1;Domingo;4;1;0;NULL
20261221;21/12/2026;2026;12;21;Dezembro;2;Segunda-Feira;4;0;0;NULL
20261222;22/12/2026;2026;12;22;Dezembro;3;Terça-Feira;4;0;0;NULL
20261223;23/12/2026;2026;12;23;Dezembro;4;Quarta-Feira;4;0;0;NULL
20261224;24/12/2026;2026;12;24;Dezembro;5;Quinta-Feira;4;0;0;NULL
20261225;25/12/2026;2026;12;25;Dezembro;6;Sexta-Feira;4;0;0;NULL
20261226;26/12/2026;2026;12;26;Dezembro;7;Sábado;4;1;0;NULL
20261227;27/12/2026;2026;12;27;Dezembro;1;Domingo;4;1;0;NULL
20261228;28/12/2026;2026;12;28;Dezembro;2;Segunda-Feira;4;0;0;NULL
20261229;29/12/2026;2026;12;29;Dezembro;3;Terça-Feira;4;0;0;NULL
20261230;30/12/2026;2026;12;30;Dezembro;4;Quarta-Feira;4;0;0;NULL
20261231;31/12/2026;2026;12;31;Dezembro;5;Quinta-Feira;4;0;0;NULL
20270101;01/01/2027;2027;1;1;Janeiro;6;Sexta-Feira;1;0;0;NULL
20270102;02/01/2027;2027;1;2;Janeiro;7;Sábado;1;1;0;NULL
20270103;03/01/2027;2027;1;3;Janeiro;1;Domingo;1;1;0;NULL
20270104;04/01/2027;2027;1;4;Janeiro;2;Segunda-Feira;1;0;0;NULL
20270105;05/01/2027;2027;1;5;Janeiro;3;Terça-Feira;1;0;0;NULL
20270106;06/01/2027;2027;1;6;Janeiro;4;Quarta-Feira;1;0;0;NULL
20270107;07/01/2027;2027;1;7;Janeiro;5;Quinta-Feira;1;0;0;NULL
20270108;08/01/2027;2027;1;8;Janeiro;6;Sexta-Feira;1;0;0;NULL
20270109;09/01/2027;2027;1;9;Janeiro;7;Sábado;1;1;0;NULL
20270110;10/01/2027;2027;1;10;Janeiro;1;Domingo;1;1;0;NULL
20270111;11/01/2027;2027;1;11;Janeiro;2;Segunda-Feira;1;0;0;NULL
20270112;12/01/2027;2027;1;12;Janeiro;3;Terça-Feira;1;0;0;NULL
20270113;13/01/2027;2027;1;13;Janeiro;4;Quarta-Feira;1;0;0;NULL
20270114;14/01/2027;2027;1;14;Janeiro;5;Quinta-Feira;1;0;0;NULL
20270115;15/01/2027;2027;1;15;Janeiro;6;Sexta-Feira;1;0;0;NULL
20270116;16/01/2027;2027;1;16;Janeiro;7;Sábado;1;1;0;NULL
20270117;17/01/2027;2027;1;17;Janeiro;1;Domingo;1;1;0;NULL
20270118;18/01/2027;2027;1;18;Janeiro;2;Segunda-Feira;1;0;0;NULL
20270119;19/01/2027;2027;1;19;Janeiro;3;Terça-Feira;1;0;0;NULL
20270120;20/01/2027;2027;1;20;Janeiro;4;Quarta-Feira;1;0;0;NULL
20270121;21/01/2027;2027;1;21;Janeiro;5;Quinta-Feira;1;0;0;NULL
20270122;22/01/2027;2027;1;22;Janeiro;6;Sexta-Feira;1;0;0;NULL
20270123;23/01/2027;2027;1;23;Janeiro;7;Sábado;1;1;0;NULL
20270124;24/01/2027;2027;1;24;Janeiro;1;Domingo;1;1;0;NULL
20270125;25/01/2027;2027;1;25;Janeiro;2;Segunda-Feira;1;0;0;NULL
20270126;26/01/2027;2027;1;26;Janeiro;3;Terça-Feira;1;0;0;NULL
20270127;27/01/2027;2027;1;27;Janeiro;4;Quarta-Feira;1;0;0;NULL
20270128;28/01/2027;2027;1;28;Janeiro;5;Quinta-Feira;1;0;0;NULL
20270129;29/01/2027;2027;1;29;Janeiro;6;Sexta-Feira;1;0;0;NULL
20270130;30/01/2027;2027;1;30;Janeiro;7;Sábado;1;1;0;NULL
20270131;31/01/2027;2027;1;31;Janeiro;1;Domingo;1;1;0;NULL
20270201;01/02/2027;2027;2;1;Fevereiro;2;Segunda-Feira;1;0;0;NULL
20270202;02/02/2027;2027;2;2;Fevereiro;3;Terça-Feira;1;0;0;NULL
20270203;03/02/2027;2027;2;3;Fevereiro;4;Quarta-Feira;1;0;0;NULL
20270204;04/02/2027;2027;2;4;Fevereiro;5;Quinta-Feira;1;0;0;NULL
20270205;05/02/2027;2027;2;5;Fevereiro;6;Sexta-Feira;1;0;0;NULL
20270206;06/02/2027;2027;2;6;Fevereiro;7;Sábado;1;1;0;NULL
20270207;07/02/2027;2027;2;7;Fevereiro;1;Domingo;1;1;0;NULL
20270208;08/02/2027;2027;2;8;Fevereiro;2;Segunda-Feira;1;0;0;NULL
20270209;09/02/2027;2027;2;9;Fevereiro;3;Terça-Feira;1;0;0;NULL
20270210;10/02/2027;2027;2;10;Fevereiro;4;Quarta-Feira;1;0;0;NULL
20270211;11/02/2027;2027;2;11;Fevereiro;5;Quinta-Feira;1;0;0;NULL
20270212;12/02/2027;2027;2;12;Fevereiro;6;Sexta-Feira;1;0;0;NULL
20270213;13/02/2027;2027;2;13;Fevereiro;7;Sábado;1;1;0;NULL
20270214;14/02/2027;2027;2;14;Fevereiro;1;Domingo;1;1;0;NULL
20270215;15/02/2027;2027;2;15;Fevereiro;2;Segunda-Feira;1;0;0;NULL
20270216;16/02/2027;2027;2;16;Fevereiro;3;Terça-Feira;1;0;0;NULL
20270217;17/02/2027;2027;2;17;Fevereiro;4;Quarta-Feira;1;0;0;NULL
20270218;18/02/2027;2027;2;18;Fevereiro;5;Quinta-Feira;1;0;0;NULL
20270219;19/02/2027;2027;2;19;Fevereiro;6;Sexta-Feira;1;0;0;NULL
20270220;20/02/2027;2027;2;20;Fevereiro;7;Sábado;1;1;0;NULL
20270221;21/02/2027;2027;2;21;Fevereiro;1;Domingo;1;1;0;NULL
20270222;22/02/2027;2027;2;22;Fevereiro;2;Segunda-Feira;1;0;0;NULL
20270223;23/02/2027;2027;2;23;Fevereiro;3;Terça-Feira;1;0;0;NULL
20270224;24/02/2027;2027;2;24;Fevereiro;4;Quarta-Feira;1;0;0;NULL
20270225;25/02/2027;2027;2;25;Fevereiro;5;Quinta-Feira;1;0;0;NULL
20270226;26/02/2027;2027;2;26;Fevereiro;6;Sexta-Feira;1;0;0;NULL
20270227;27/02/2027;2027;2;27;Fevereiro;7;Sábado;1;1;0;NULL
20270228;28/02/2027;2027;2;28;Fevereiro;1;Domingo;1;1;0;NULL
20270301;01/03/2027;2027;3;1;Março;2;Segunda-Feira;1;0;0;NULL
20270302;02/03/2027;2027;3;2;Março;3;Terça-Feira;1;0;0;NULL
20270303;03/03/2027;2027;3;3;Março;4;Quarta-Feira;1;0;0;NULL
20270304;04/03/2027;2027;3;4;Março;5;Quinta-Feira;1;0;0;NULL
20270305;05/03/2027;2027;3;5;Março;6;Sexta-Feira;1;0;0;NULL
20270306;06/03/2027;2027;3;6;Março;7;Sábado;1;1;0;NULL
20270307;07/03/2027;2027;3;7;Março;1;Domingo;1;1;0;NULL
20270308;08/03/2027;2027;3;8;Março;2;Segunda-Feira;1;0;0;NULL
20270309;09/03/2027;2027;3;9;Março;3;Terça-Feira;1;0;0;NULL
20270310;10/03/2027;2027;3;10;Março;4;Quarta-Feira;1;0;0;NULL
20270311;11/03/2027;2027;3;11;Março;5;Quinta-Feira;1;0;0;NULL
20270312;12/03/2027;2027;3;12;Março;6;Sexta-Feira;1;0;0;NULL
20270313;13/03/2027;2027;3;13;Março;7;Sábado;1;1;0;NULL
20270314;14/03/2027;2027;3;14;Março;1;Domingo;1;1;0;NULL
20270315;15/03/2027;2027;3;15;Março;2;Segunda-Feira;1;0;0;NULL
20270316;16/03/2027;2027;3;16;Março;3;Terça-Feira;1;0;0;NULL
20270317;17/03/2027;2027;3;17;Março;4;Quarta-Feira;1;0;0;NULL
20270318;18/03/2027;2027;3;18;Março;5;Quinta-Feira;1;0;0;NULL
20270319;19/03/2027;2027;3;19;Março;6;Sexta-Feira;1;0;0;NULL
20270320;20/03/2027;2027;3;20;Março;7;Sábado;1;1;0;NULL
20270321;21/03/2027;2027;3;21;Março;1;Domingo;1;1;0;NULL
20270322;22/03/2027;2027;3;22;Março;2;Segunda-Feira;1;0;0;NULL
20270323;23/03/2027;2027;3;23;Março;3;Terça-Feira;1;0;0;NULL
20270324;24/03/2027;2027;3;24;Março;4;Quarta-Feira;1;0;0;NULL
20270325;25/03/2027;2027;3;25;Março;5;Quinta-Feira;1;0;0;NULL
20270326;26/03/2027;2027;3;26;Março;6;Sexta-Feira;1;0;0;NULL
20270327;27/03/2027;2027;3;27;Março;7;Sábado;1;1;0;NULL
20270328;28/03/2027;2027;3;28;Março;1;Domingo;1;1;0;NULL
20270329;29/03/2027;2027;3;29;Março;2;Segunda-Feira;1;0;0;NULL
20270330;30/03/2027;2027;3;30;Março;3;Terça-Feira;1;0;0;NULL
20270331;31/03/2027;2027;3;31;Março;4;Quarta-Feira;1;0;0;NULL
20270401;01/04/2027;2027;4;1;Abril;5;Quinta-Feira;2;0;0;NULL
20270402;02/04/2027;2027;4;2;Abril;6;Sexta-Feira;2;0;0;NULL
20270403;03/04/2027;2027;4;3;Abril;7;Sábado;2;1;0;NULL
20270404;04/04/2027;2027;4;4;Abril;1;Domingo;2;1;0;NULL
20270405;05/04/2027;2027;4;5;Abril;2;Segunda-Feira;2;0;0;NULL
20270406;06/04/2027;2027;4;6;Abril;3;Terça-Feira;2;0;0;NULL
20270407;07/04/2027;2027;4;7;Abril;4;Quarta-Feira;2;0;0;NULL
20270408;08/04/2027;2027;4;8;Abril;5;Quinta-Feira;2;0;0;NULL
20270409;09/04/2027;2027;4;9;Abril;6;Sexta-Feira;2;0;0;NULL
20270410;10/04/2027;2027;4;10;Abril;7;Sábado;2;1;0;NULL
20270411;11/04/2027;2027;4;11;Abril;1;Domingo;2;1;0;NULL
20270412;12/04/2027;2027;4;12;Abril;2;Segunda-Feira;2;0;0;NULL
20270413;13/04/2027;2027;4;13;Abril;3;Terça-Feira;2;0;0;NULL
20270414;14/04/2027;2027;4;14;Abril;4;Quarta-Feira;2;0;0;NULL
20270415;15/04/2027;2027;4;15;Abril;5;Quinta-Feira;2;0;0;NULL
20270416;16/04/2027;2027;4;16;Abril;6;Sexta-Feira;2;0;0;NULL
20270417;17/04/2027;2027;4;17;Abril;7;Sábado;2;1;0;NULL
20270418;18/04/2027;2027;4;18;Abril;1;Domingo;2;1;0;NULL
20270419;19/04/2027;2027;4;19;Abril;2;Segunda-Feira;2;0;0;NULL
20270420;20/04/2027;2027;4;20;Abril;3;Terça-Feira;2;0;0;NULL
20270421;21/04/2027;2027;4;21;Abril;4;Quarta-Feira;2;0;0;NULL
20270422;22/04/2027;2027;4;22;Abril;5;Quinta-Feira;2;0;0;NULL
20270423;23/04/2027;2027;4;23;Abril;6;Sexta-Feira;2;0;0;NULL
20270424;24/04/2027;2027;4;24;Abril;7;Sábado;2;1;0;NULL
20270425;25/04/2027;2027;4;25;Abril;1;Domingo;2;1;0;NULL
20270426;26/04/2027;2027;4;26;Abril;2;Segunda-Feira;2;0;0;NULL
20270427;27/04/2027;2027;4;27;Abril;3;Terça-Feira;2;0;0;NULL
20270428;28/04/2027;2027;4;28;Abril;4;Quarta-Feira;2;0;0;NULL
20270429;29/04/2027;2027;4;29;Abril;5;Quinta-Feira;2;0;0;NULL
20270430;30/04/2027;2027;4;30;Abril;6;Sexta-Feira;2;0;0;NULL
20270501;01/05/2027;2027;5;1;Maio;7;Sábado;2;1;0;NULL
20270502;02/05/2027;2027;5;2;Maio;1;Domingo;2;1;0;NULL
20270503;03/05/2027;2027;5;3;Maio;2;Segunda-Feira;2;0;0;NULL
20270504;04/05/2027;2027;5;4;Maio;3;Terça-Feira;2;0;0;NULL
20270505;05/05/2027;2027;5;5;Maio;4;Quarta-Feira;2;0;0;NULL
20270506;06/05/2027;2027;5;6;Maio;5;Quinta-Feira;2;0;0;NULL
20270507;07/05/2027;2027;5;7;Maio;6;Sexta-Feira;2;0;0;NULL
20270508;08/05/2027;2027;5;8;Maio;7;Sábado;2;1;0;NULL
20270509;09/05/2027;2027;5;9;Maio;1;Domingo;2;1;0;NULL
20270510;10/05/2027;2027;5;10;Maio;2;Segunda-Feira;2;0;0;NULL
20270511;11/05/2027;2027;5;11;Maio;3;Terça-Feira;2;0;0;NULL
20270512;12/05/2027;2027;5;12;Maio;4;Quarta-Feira;2;0;0;NULL
20270513;13/05/2027;2027;5;13;Maio;5;Quinta-Feira;2;0;0;NULL
20270514;14/05/2027;2027;5;14;Maio;6;Sexta-Feira;2;0;0;NULL
20270515;15/05/2027;2027;5;15;Maio;7;Sábado;2;1;0;NULL
20270516;16/05/2027;2027;5;16;Maio;1;Domingo;2;1;0;NULL
20270517;17/05/2027;2027;5;17;Maio;2;Segunda-Feira;2;0;0;NULL
20270518;18/05/2027;2027;5;18;Maio;3;Terça-Feira;2;0;0;NULL
20270519;19/05/2027;2027;5;19;Maio;4;Quarta-Feira;2;0;0;NULL
20270520;20/05/2027;2027;5;20;Maio;5;Quinta-Feira;2;0;0;NULL
20270521;21/05/2027;2027;5;21;Maio;6;Sexta-Feira;2;0;0;NULL
20270522;22/05/2027;2027;5;22;Maio;7;Sábado;2;1;0;NULL
20270523;23/05/2027;2027;5;23;Maio;1;Domingo;2;1;0;NULL
20270524;24/05/2027;2027;5;24;Maio;2;Segunda-Feira;2;0;0;NULL
20270525;25/05/2027;2027;5;25;Maio;3;Terça-Feira;2;0;0;NULL
20270526;26/05/2027;2027;5;26;Maio;4;Quarta-Feira;2;0;0;NULL
20270527;27/05/2027;2027;5;27;Maio;5;Quinta-Feira;2;0;0;NULL
20270528;28/05/2027;2027;5;28;Maio;6;Sexta-Feira;2;0;0;NULL
20270529;29/05/2027;2027;5;29;Maio;7;Sábado;2;1;0;NULL
20270530;30/05/2027;2027;5;30;Maio;1;Domingo;2;1;0;NULL
20270531;31/05/2027;2027;5;31;Maio;2;Segunda-Feira;2;0;0;NULL
20270601;01/06/2027;2027;6;1;Junho;3;Terça-Feira;2;0;0;NULL
20270602;02/06/2027;2027;6;2;Junho;4;Quarta-Feira;2;0;0;NULL
20270603;03/06/2027;2027;6;3;Junho;5;Quinta-Feira;2;0;0;NULL
20270604;04/06/2027;2027;6;4;Junho;6;Sexta-Feira;2;0;0;NULL
20270605;05/06/2027;2027;6;5;Junho;7;Sábado;2;1;0;NULL
20270606;06/06/2027;2027;6;6;Junho;1;Domingo;2;1;0;NULL
20270607;07/06/2027;2027;6;7;Junho;2;Segunda-Feira;2;0;0;NULL
20270608;08/06/2027;2027;6;8;Junho;3;Terça-Feira;2;0;0;NULL
20270609;09/06/2027;2027;6;9;Junho;4;Quarta-Feira;2;0;0;NULL
20270610;10/06/2027;2027;6;10;Junho;5;Quinta-Feira;2;0;0;NULL
20270611;11/06/2027;2027;6;11;Junho;6;Sexta-Feira;2;0;0;NULL
20270612;12/06/2027;2027;6;12;Junho;7;Sábado;2;1;0;NULL
20270613;13/06/2027;2027;6;13;Junho;1;Domingo;2;1;0;NULL
20270614;14/06/2027;2027;6;14;Junho;2;Segunda-Feira;2;0;0;NULL
20270615;15/06/2027;2027;6;15;Junho;3;Terça-Feira;2;0;0;NULL
20270616;16/06/2027;2027;6;16;Junho;4;Quarta-Feira;2;0;0;NULL
20270617;17/06/2027;2027;6;17;Junho;5;Quinta-Feira;2;0;0;NULL
20270618;18/06/2027;2027;6;18;Junho;6;Sexta-Feira;2;0;0;NULL
20270619;19/06/2027;2027;6;19;Junho;7;Sábado;2;1;0;NULL
20270620;20/06/2027;2027;6;20;Junho;1;Domingo;2;1;0;NULL
20270621;21/06/2027;2027;6;21;Junho;2;Segunda-Feira;2;0;0;NULL
20270622;22/06/2027;2027;6;22;Junho;3;Terça-Feira;2;0;0;NULL
20270623;23/06/2027;2027;6;23;Junho;4;Quarta-Feira;2;0;0;NULL
20270624;24/06/2027;2027;6;24;Junho;5;Quinta-Feira;2;0;0;NULL
20270625;25/06/2027;2027;6;25;Junho;6;Sexta-Feira;2;0;0;NULL
20270626;26/06/2027;2027;6;26;Junho;7;Sábado;2;1;0;NULL
20270627;27/06/2027;2027;6;27;Junho;1;Domingo;2;1;0;NULL
20270628;28/06/2027;2027;6;28;Junho;2;Segunda-Feira;2;0;0;NULL
20270629;29/06/2027;2027;6;29;Junho;3;Terça-Feira;2;0;0;NULL
20270630;30/06/2027;2027;6;30;Junho;4;Quarta-Feira;2;0;0;NULL
20270701;01/07/2027;2027;7;1;Julho;5;Quinta-Feira;3;0;0;NULL
20270702;02/07/2027;2027;7;2;Julho;6;Sexta-Feira;3;0;0;NULL
20270703;03/07/2027;2027;7;3;Julho;7;Sábado;3;1;0;NULL
20270704;04/07/2027;2027;7;4;Julho;1;Domingo;3;1;0;NULL
20270705;05/07/2027;2027;7;5;Julho;2;Segunda-Feira;3;0;0;NULL
20270706;06/07/2027;2027;7;6;Julho;3;Terça-Feira;3;0;0;NULL
20270707;07/07/2027;2027;7;7;Julho;4;Quarta-Feira;3;0;0;NULL
20270708;08/07/2027;2027;7;8;Julho;5;Quinta-Feira;3;0;0;NULL
20270709;09/07/2027;2027;7;9;Julho;6;Sexta-Feira;3;0;0;NULL
20270710;10/07/2027;2027;7;10;Julho;7;Sábado;3;1;0;NULL
20270711;11/07/2027;2027;7;11;Julho;1;Domingo;3;1;0;NULL
20270712;12/07/2027;2027;7;12;Julho;2;Segunda-Feira;3;0;0;NULL
20270713;13/07/2027;2027;7;13;Julho;3;Terça-Feira;3;0;0;NULL
20270714;14/07/2027;2027;7;14;Julho;4;Quarta-Feira;3;0;0;NULL
20270715;15/07/2027;2027;7;15;Julho;5;Quinta-Feira;3;0;0;NULL
20270716;16/07/2027;2027;7;16;Julho;6;Sexta-Feira;3;0;0;NULL
20270717;17/07/2027;2027;7;17;Julho;7;Sábado;3;1;0;NULL
20270718;18/07/2027;2027;7;18;Julho;1;Domingo;3;1;0;NULL
20270719;19/07/2027;2027;7;19;Julho;2;Segunda-Feira;3;0;0;NULL
20270720;20/07/2027;2027;7;20;Julho;3;Terça-Feira;3;0;0;NULL
20270721;21/07/2027;2027;7;21;Julho;4;Quarta-Feira;3;0;0;NULL
20270722;22/07/2027;2027;7;22;Julho;5;Quinta-Feira;3;0;0;NULL
20270723;23/07/2027;2027;7;23;Julho;6;Sexta-Feira;3;0;0;NULL
20270724;24/07/2027;2027;7;24;Julho;7;Sábado;3;1;0;NULL
20270725;25/07/2027;2027;7;25;Julho;1;Domingo;3;1;0;NULL
20270726;26/07/2027;2027;7;26;Julho;2;Segunda-Feira;3;0;0;NULL
20270727;27/07/2027;2027;7;27;Julho;3;Terça-Feira;3;0;0;NULL
20270728;28/07/2027;2027;7;28;Julho;4;Quarta-Feira;3;0;0;NULL
20270729;29/07/2027;2027;7;29;Julho;5;Quinta-Feira;3;0;0;NULL
20270730;30/07/2027;2027;7;30;Julho;6;Sexta-Feira;3;0;0;NULL
20270731;31/07/2027;2027;7;31;Julho;7;Sábado;3;1;0;NULL
20270801;01/08/2027;2027;8;1;Agosto;1;Domingo;3;1;0;NULL
20270802;02/08/2027;2027;8;2;Agosto;2;Segunda-Feira;3;0;0;NULL
20270803;03/08/2027;2027;8;3;Agosto;3;Terça-Feira;3;0;0;NULL
20270804;04/08/2027;2027;8;4;Agosto;4;Quarta-Feira;3;0;0;NULL
20270805;05/08/2027;2027;8;5;Agosto;5;Quinta-Feira;3;0;0;NULL
20270806;06/08/2027;2027;8;6;Agosto;6;Sexta-Feira;3;0;0;NULL
20270807;07/08/2027;2027;8;7;Agosto;7;Sábado;3;1;0;NULL
20270808;08/08/2027;2027;8;8;Agosto;1;Domingo;3;1;0;NULL
20270809;09/08/2027;2027;8;9;Agosto;2;Segunda-Feira;3;0;0;NULL
20270810;10/08/2027;2027;8;10;Agosto;3;Terça-Feira;3;0;0;NULL
20270811;11/08/2027;2027;8;11;Agosto;4;Quarta-Feira;3;0;0;NULL
20270812;12/08/2027;2027;8;12;Agosto;5;Quinta-Feira;3;0;0;NULL
20270813;13/08/2027;2027;8;13;Agosto;6;Sexta-Feira;3;0;0;NULL
20270814;14/08/2027;2027;8;14;Agosto;7;Sábado;3;1;0;NULL
20270815;15/08/2027;2027;8;15;Agosto;1;Domingo;3;1;0;NULL
20270816;16/08/2027;2027;8;16;Agosto;2;Segunda-Feira;3;0;0;NULL
20270817;17/08/2027;2027;8;17;Agosto;3;Terça-Feira;3;0;0;NULL
20270818;18/08/2027;2027;8;18;Agosto;4;Quarta-Feira;3;0;0;NULL
20270819;19/08/2027;2027;8;19;Agosto;5;Quinta-Feira;3;0;0;NULL
20270820;20/08/2027;2027;8;20;Agosto;6;Sexta-Feira;3;0;0;NULL
20270821;21/08/2027;2027;8;21;Agosto;7;Sábado;3;1;0;NULL
20270822;22/08/2027;2027;8;22;Agosto;1;Domingo;3;1;0;NULL
20270823;23/08/2027;2027;8;23;Agosto;2;Segunda-Feira;3;0;0;NULL
20270824;24/08/2027;2027;8;24;Agosto;3;Terça-Feira;3;0;0;NULL
20270825;25/08/2027;2027;8;25;Agosto;4;Quarta-Feira;3;0;0;NULL
20270826;26/08/2027;2027;8;26;Agosto;5;Quinta-Feira;3;0;0;NULL
20270827;27/08/2027;2027;8;27;Agosto;6;Sexta-Feira;3;0;0;NULL
20270828;28/08/2027;2027;8;28;Agosto;7;Sábado;3;1;0;NULL
20270829;29/08/2027;2027;8;29;Agosto;1;Domingo;3;1;0;NULL
20270830;30/08/2027;2027;8;30;Agosto;2;Segunda-Feira;3;0;0;NULL
20270831;31/08/2027;2027;8;31;Agosto;3;Terça-Feira;3;0;0;NULL
20270901;01/09/2027;2027;9;1;Setembro;4;Quarta-Feira;3;0;0;NULL
20270902;02/09/2027;2027;9;2;Setembro;5;Quinta-Feira;3;0;0;NULL
20270903;03/09/2027;2027;9;3;Setembro;6;Sexta-Feira;3;0;0;NULL
20270904;04/09/2027;2027;9;4;Setembro;7;Sábado;3;1;0;NULL
20270905;05/09/2027;2027;9;5;Setembro;1;Domingo;3;1;0;NULL
20270906;06/09/2027;2027;9;6;Setembro;2;Segunda-Feira;3;0;0;NULL
20270907;07/09/2027;2027;9;7;Setembro;3;Terça-Feira;3;0;0;NULL
20270908;08/09/2027;2027;9;8;Setembro;4;Quarta-Feira;3;0;0;NULL
20270909;09/09/2027;2027;9;9;Setembro;5;Quinta-Feira;3;0;0;NULL
20270910;10/09/2027;2027;9;10;Setembro;6;Sexta-Feira;3;0;0;NULL
20270911;11/09/2027;2027;9;11;Setembro;7;Sábado;3;1;0;NULL
20270912;12/09/2027;2027;9;12;Setembro;1;Domingo;3;1;0;NULL
20270913;13/09/2027;2027;9;13;Setembro;2;Segunda-Feira;3;0;0;NULL
20270914;14/09/2027;2027;9;14;Setembro;3;Terça-Feira;3;0;0;NULL
20270915;15/09/2027;2027;9;15;Setembro;4;Quarta-Feira;3;0;0;NULL
20270916;16/09/2027;2027;9;16;Setembro;5;Quinta-Feira;3;0;0;NULL
20270917;17/09/2027;2027;9;17;Setembro;6;Sexta-Feira;3;0;0;NULL
20270918;18/09/2027;2027;9;18;Setembro;7;Sábado;3;1;0;NULL
20270919;19/09/2027;2027;9;19;Setembro;1;Domingo;3;1;0;NULL
20270920;20/09/2027;2027;9;20;Setembro;2;Segunda-Feira;3;0;0;NULL
20270921;21/09/2027;2027;9;21;Setembro;3;Terça-Feira;3;0;0;NULL
20270922;22/09/2027;2027;9;22;Setembro;4;Quarta-Feira;3;0;0;NULL
20270923;23/09/2027;2027;9;23;Setembro;5;Quinta-Feira;3;0;0;NULL
20270924;24/09/2027;2027;9;24;Setembro;6;Sexta-Feira;3;0;0;NULL
20270925;25/09/2027;2027;9;25;Setembro;7;Sábado;3;1;0;NULL
20270926;26/09/2027;2027;9;26;Setembro;1;Domingo;3;1;0;NULL
20270927;27/09/2027;2027;9;27;Setembro;2;Segunda-Feira;3;0;0;NULL
20270928;28/09/2027;2027;9;28;Setembro;3;Terça-Feira;3;0;0;NULL
20270929;29/09/2027;2027;9;29;Setembro;4;Quarta-Feira;3;0;0;NULL
20270930;30/09/2027;2027;9;30;Setembro;5;Quinta-Feira;3;0;0;NULL
20271001;01/10/2027;2027;10;1;Outubro;6;Sexta-Feira;4;0;0;NULL
20271002;02/10/2027;2027;10;2;Outubro;7;Sábado;4;1;0;NULL
20271003;03/10/2027;2027;10;3;Outubro;1;Domingo;4;1;0;NULL
20271004;04/10/2027;2027;10;4;Outubro;2;Segunda-Feira;4;0;0;NULL
20271005;05/10/2027;2027;10;5;Outubro;3;Terça-Feira;4;0;0;NULL
20271006;06/10/2027;2027;10;6;Outubro;4;Quarta-Feira;4;0;0;NULL
20271007;07/10/2027;2027;10;7;Outubro;5;Quinta-Feira;4;0;0;NULL
20271008;08/10/2027;2027;10;8;Outubro;6;Sexta-Feira;4;0;0;NULL
20271009;09/10/2027;2027;10;9;Outubro;7;Sábado;4;1;0;NULL
20271010;10/10/2027;2027;10;10;Outubro;1;Domingo;4;1;0;NULL
20271011;11/10/2027;2027;10;11;Outubro;2;Segunda-Feira;4;0;0;NULL
20271012;12/10/2027;2027;10;12;Outubro;3;Terça-Feira;4;0;0;NULL
20271013;13/10/2027;2027;10;13;Outubro;4;Quarta-Feira;4;0;0;NULL
20271014;14/10/2027;2027;10;14;Outubro;5;Quinta-Feira;4;0;0;NULL
20271015;15/10/2027;2027;10;15;Outubro;6;Sexta-Feira;4;0;0;NULL
20271016;16/10/2027;2027;10;16;Outubro;7;Sábado;4;1;0;NULL
20271017;17/10/2027;2027;10;17;Outubro;1;Domingo;4;1;0;NULL
20271018;18/10/2027;2027;10;18;Outubro;2;Segunda-Feira;4;0;0;NULL
20271019;19/10/2027;2027;10;19;Outubro;3;Terça-Feira;4;0;0;NULL
20271020;20/10/2027;2027;10;20;Outubro;4;Quarta-Feira;4;0;0;NULL
20271021;21/10/2027;2027;10;21;Outubro;5;Quinta-Feira;4;0;0;NULL
20271022;22/10/2027;2027;10;22;Outubro;6;Sexta-Feira;4;0;0;NULL
20271023;23/10/2027;2027;10;23;Outubro;7;Sábado;4;1;0;NULL
20271024;24/10/2027;2027;10;24;Outubro;1;Domingo;4;1;0;NULL
20271025;25/10/2027;2027;10;25;Outubro;2;Segunda-Feira;4;0;0;NULL
20271026;26/10/2027;2027;10;26;Outubro;3;Terça-Feira;4;0;0;NULL
20271027;27/10/2027;2027;10;27;Outubro;4;Quarta-Feira;4;0;0;NULL
20271028;28/10/2027;2027;10;28;Outubro;5;Quinta-Feira;4;0;0;NULL
20271029;29/10/2027;2027;10;29;Outubro;6;Sexta-Feira;4;0;0;NULL
20271030;30/10/2027;2027;10;30;Outubro;7;Sábado;4;1;0;NULL
20271031;31/10/2027;2027;10;31;Outubro;1;Domingo;4;1;0;NULL
20271101;01/11/2027;2027;11;1;Novembro;2;Segunda-Feira;4;0;0;NULL
20271102;02/11/2027;2027;11;2;Novembro;3;Terça-Feira;4;0;0;NULL
20271103;03/11/2027;2027;11;3;Novembro;4;Quarta-Feira;4;0;0;NULL
20271104;04/11/2027;2027;11;4;Novembro;5;Quinta-Feira;4;0;0;NULL
20271105;05/11/2027;2027;11;5;Novembro;6;Sexta-Feira;4;0;0;NULL
20271106;06/11/2027;2027;11;6;Novembro;7;Sábado;4;1;0;NULL
20271107;07/11/2027;2027;11;7;Novembro;1;Domingo;4;1;0;NULL
20271108;08/11/2027;2027;11;8;Novembro;2;Segunda-Feira;4;0;0;NULL
20271109;09/11/2027;2027;11;9;Novembro;3;Terça-Feira;4;0;0;NULL
20271110;10/11/2027;2027;11;10;Novembro;4;Quarta-Feira;4;0;0;NULL
20271111;11/11/2027;2027;11;11;Novembro;5;Quinta-Feira;4;0;0;NULL
20271112;12/11/2027;2027;11;12;Novembro;6;Sexta-Feira;4;0;0;NULL
20271113;13/11/2027;2027;11;13;Novembro;7;Sábado;4;1;0;NULL
20271114;14/11/2027;2027;11;14;Novembro;1;Domingo;4;1;0;NULL
20271115;15/11/2027;2027;11;15;Novembro;2;Segunda-Feira;4;0;0;NULL
20271116;16/11/2027;2027;11;16;Novembro;3;Terça-Feira;4;0;0;NULL
20271117;17/11/2027;2027;11;17;Novembro;4;Quarta-Feira;4;0;0;NULL
20271118;18/11/2027;2027;11;18;Novembro;5;Quinta-Feira;4;0;0;NULL
20271119;19/11/2027;2027;11;19;Novembro;6;Sexta-Feira;4;0;0;NULL
20271120;20/11/2027;2027;11;20;Novembro;7;Sábado;4;1;0;NULL
20271121;21/11/2027;2027;11;21;Novembro;1;Domingo;4;1;0;NULL
20271122;22/11/2027;2027;11;22;Novembro;2;Segunda-Feira;4;0;0;NULL
20271123;23/11/2027;2027;11;23;Novembro;3;Terça-Feira;4;0;0;NULL
20271124;24/11/2027;2027;11;24;Novembro;4;Quarta-Feira;4;0;0;NULL
20271125;25/11/2027;2027;11;25;Novembro;5;Quinta-Feira;4;0;0;NULL
20271126;26/11/2027;2027;11;26;Novembro;6;Sexta-Feira;4;0;0;NULL
20271127;27/11/2027;2027;11;27;Novembro;7;Sábado;4;1;0;NULL
20271128;28/11/2027;2027;11;28;Novembro;1;Domingo;4;1;0;NULL
20271129;29/11/2027;2027;11;29;Novembro;2;Segunda-Feira;4;0;0;NULL
20271130;30/11/2027;2027;11;30;Novembro;3;Terça-Feira;4;0;0;NULL
20271201;01/12/2027;2027;12;1;Dezembro;4;Quarta-Feira;4;0;0;NULL
20271202;02/12/2027;2027;12;2;Dezembro;5;Quinta-Feira;4;0;0;NULL
20271203;03/12/2027;2027;12;3;Dezembro;6;Sexta-Feira;4;0;0;NULL
20271204;04/12/2027;2027;12;4;Dezembro;7;Sábado;4;1;0;NULL
20271205;05/12/2027;2027;12;5;Dezembro;1;Domingo;4;1;0;NULL
20271206;06/12/2027;2027;12;6;Dezembro;2;Segunda-Feira;4;0;0;NULL
20271207;07/12/2027;2027;12;7;Dezembro;3;Terça-Feira;4;0;0;NULL
20271208;08/12/2027;2027;12;8;Dezembro;4;Quarta-Feira;4;0;0;NULL
20271209;09/12/2027;2027;12;9;Dezembro;5;Quinta-Feira;4;0;0;NULL
20271210;10/12/2027;2027;12;10;Dezembro;6;Sexta-Feira;4;0;0;NULL
20271211;11/12/2027;2027;12;11;Dezembro;7;Sábado;4;1;0;NULL
20271212;12/12/2027;2027;12;12;Dezembro;1;Domingo;4;1;0;NULL
20271213;13/12/2027;2027;12;13;Dezembro;2;Segunda-Feira;4;0;0;NULL
20271214;14/12/2027;2027;12;14;Dezembro;3;Terça-Feira;4;0;0;NULL
20271215;15/12/2027;2027;12;15;Dezembro;4;Quarta-Feira;4;0;0;NULL
20271216;16/12/2027;2027;12;16;Dezembro;5;Quinta-Feira;4;0;0;NULL
20271217;17/12/2027;2027;12;17;Dezembro;6;Sexta-Feira;4;0;0;NULL
20271218;18/12/2027;2027;12;18;Dezembro;7;Sábado;4;1;0;NULL
20271219;19/12/2027;2027;12;19;Dezembro;1;Domingo;4;1;0;NULL
20271220;20/12/2027;2027;12;20;Dezembro;2;Segunda-Feira;4;0;0;NULL
20271221;21/12/2027;2027;12;21;Dezembro;3;Terça-Feira;4;0;0;NULL
20271222;22/12/2027;2027;12;22;Dezembro;4;Quarta-Feira;4;0;0;NULL
20271223;23/12/2027;2027;12;23;Dezembro;5;Quinta-Feira;4;0;0;NULL
20271224;24/12/2027;2027;12;24;Dezembro;6;Sexta-Feira;4;0;0;NULL
20271225;25/12/2027;2027;12;25;Dezembro;7;Sábado;4;1;0;NULL
20271226;26/12/2027;2027;12;26;Dezembro;1;Domingo;4;1;0;NULL
20271227;27/12/2027;2027;12;27;Dezembro;2;Segunda-Feira;4;0;0;NULL
20271228;28/12/2027;2027;12;28;Dezembro;3;Terça-Feira;4;0;0;NULL
20271229;29/12/2027;2027;12;29;Dezembro;4;Quarta-Feira;4;0;0;NULL
20271230;30/12/2027;2027;12;30;Dezembro;5;Quinta-Feira;4;0;0;NULL
20271231;31/12/2027;2027;12;31;Dezembro;6;Sexta-Feira;4;0;0;NULL
20280101;01/01/2028;2028;1;1;Janeiro;7;Sábado;1;1;0;NULL
20280102;02/01/2028;2028;1;2;Janeiro;1;Domingo;1;1;0;NULL
20280103;03/01/2028;2028;1;3;Janeiro;2;Segunda-Feira;1;0;0;NULL
20280104;04/01/2028;2028;1;4;Janeiro;3;Terça-Feira;1;0;0;NULL
20280105;05/01/2028;2028;1;5;Janeiro;4;Quarta-Feira;1;0;0;NULL
20280106;06/01/2028;2028;1;6;Janeiro;5;Quinta-Feira;1;0;0;NULL
20280107;07/01/2028;2028;1;7;Janeiro;6;Sexta-Feira;1;0;0;NULL
20280108;08/01/2028;2028;1;8;Janeiro;7;Sábado;1;1;0;NULL
20280109;09/01/2028;2028;1;9;Janeiro;1;Domingo;1;1;0;NULL
20280110;10/01/2028;2028;1;10;Janeiro;2;Segunda-Feira;1;0;0;NULL
20280111;11/01/2028;2028;1;11;Janeiro;3;Terça-Feira;1;0;0;NULL
20280112;12/01/2028;2028;1;12;Janeiro;4;Quarta-Feira;1;0;0;NULL
20280113;13/01/2028;2028;1;13;Janeiro;5;Quinta-Feira;1;0;0;NULL
20280114;14/01/2028;2028;1;14;Janeiro;6;Sexta-Feira;1;0;0;NULL
20280115;15/01/2028;2028;1;15;Janeiro;7;Sábado;1;1;0;NULL
20280116;16/01/2028;2028;1;16;Janeiro;1;Domingo;1;1;0;NULL
20280117;17/01/2028;2028;1;17;Janeiro;2;Segunda-Feira;1;0;0;NULL
20280118;18/01/2028;2028;1;18;Janeiro;3;Terça-Feira;1;0;0;NULL
20280119;19/01/2028;2028;1;19;Janeiro;4;Quarta-Feira;1;0;0;NULL
20280120;20/01/2028;2028;1;20;Janeiro;5;Quinta-Feira;1;0;0;NULL
20280121;21/01/2028;2028;1;21;Janeiro;6;Sexta-Feira;1;0;0;NULL
20280122;22/01/2028;2028;1;22;Janeiro;7;Sábado;1;1;0;NULL
20280123;23/01/2028;2028;1;23;Janeiro;1;Domingo;1;1;0;NULL
20280124;24/01/2028;2028;1;24;Janeiro;2;Segunda-Feira;1;0;0;NULL
20280125;25/01/2028;2028;1;25;Janeiro;3;Terça-Feira;1;0;0;NULL
20280126;26/01/2028;2028;1;26;Janeiro;4;Quarta-Feira;1;0;0;NULL
20280127;27/01/2028;2028;1;27;Janeiro;5;Quinta-Feira;1;0;0;NULL
20280128;28/01/2028;2028;1;28;Janeiro;6;Sexta-Feira;1;0;0;NULL
20280129;29/01/2028;2028;1;29;Janeiro;7;Sábado;1;1;0;NULL
20280130;30/01/2028;2028;1;30;Janeiro;1;Domingo;1;1;0;NULL
20280131;31/01/2028;2028;1;31;Janeiro;2;Segunda-Feira;1;0;0;NULL
20280201;01/02/2028;2028;2;1;Fevereiro;3;Terça-Feira;1;0;0;NULL
20280202;02/02/2028;2028;2;2;Fevereiro;4;Quarta-Feira;1;0;0;NULL
20280203;03/02/2028;2028;2;3;Fevereiro;5;Quinta-Feira;1;0;0;NULL
20280204;04/02/2028;2028;2;4;Fevereiro;6;Sexta-Feira;1;0;0;NULL
20280205;05/02/2028;2028;2;5;Fevereiro;7;Sábado;1;1;0;NULL
20280206;06/02/2028;2028;2;6;Fevereiro;1;Domingo;1;1;0;NULL
20280207;07/02/2028;2028;2;7;Fevereiro;2;Segunda-Feira;1;0;0;NULL
20280208;08/02/2028;2028;2;8;Fevereiro;3;Terça-Feira;1;0;0;NULL
20280209;09/02/2028;2028;2;9;Fevereiro;4;Quarta-Feira;1;0;0;NULL
20280210;10/02/2028;2028;2;10;Fevereiro;5;Quinta-Feira;1;0;0;NULL
20280211;11/02/2028;2028;2;11;Fevereiro;6;Sexta-Feira;1;0;0;NULL
20280212;12/02/2028;2028;2;12;Fevereiro;7;Sábado;1;1;0;NULL
20280213;13/02/2028;2028;2;13;Fevereiro;1;Domingo;1;1;0;NULL
20280214;14/02/2028;2028;2;14;Fevereiro;2;Segunda-Feira;1;0;0;NULL
20280215;15/02/2028;2028;2;15;Fevereiro;3;Terça-Feira;1;0;0;NULL
20280216;16/02/2028;2028;2;16;Fevereiro;4;Quarta-Feira;1;0;0;NULL
20280217;17/02/2028;2028;2;17;Fevereiro;5;Quinta-Feira;1;0;0;NULL
20280218;18/02/2028;2028;2;18;Fevereiro;6;Sexta-Feira;1;0;0;NULL
20280219;19/02/2028;2028;2;19;Fevereiro;7;Sábado;1;1;0;NULL
20280220;20/02/2028;2028;2;20;Fevereiro;1;Domingo;1;1;0;NULL
20280221;21/02/2028;2028;2;21;Fevereiro;2;Segunda-Feira;1;0;0;NULL
20280222;22/02/2028;2028;2;22;Fevereiro;3;Terça-Feira;1;0;0;NULL
20280223;23/02/2028;2028;2;23;Fevereiro;4;Quarta-Feira;1;0;0;NULL
20280224;24/02/2028;2028;2;24;Fevereiro;5;Quinta-Feira;1;0;0;NULL
20280225;25/02/2028;2028;2;25;Fevereiro;6;Sexta-Feira;1;0;0;NULL
20280226;26/02/2028;2028;2;26;Fevereiro;7;Sábado;1;1;0;NULL
20280227;27/02/2028;2028;2;27;Fevereiro;1;Domingo;1;1;0;NULL
20280228;28/02/2028;2028;2;28;Fevereiro;2;Segunda-Feira;1;0;0;NULL
20280229;29/02/2028;2028;2;29;Fevereiro;3;Terça-Feira;1;0;0;NULL
20280301;01/03/2028;2028;3;1;Março;4;Quarta-Feira;1;0;0;NULL
20280302;02/03/2028;2028;3;2;Março;5;Quinta-Feira;1;0;0;NULL
20280303;03/03/2028;2028;3;3;Março;6;Sexta-Feira;1;0;0;NULL
20280304;04/03/2028;2028;3;4;Março;7;Sábado;1;1;0;NULL
20280305;05/03/2028;2028;3;5;Março;1;Domingo;1;1;0;NULL
20280306;06/03/2028;2028;3;6;Março;2;Segunda-Feira;1;0;0;NULL
20280307;07/03/2028;2028;3;7;Março;3;Terça-Feira;1;0;0;NULL
20280308;08/03/2028;2028;3;8;Março;4;Quarta-Feira;1;0;0;NULL
20280309;09/03/2028;2028;3;9;Março;5;Quinta-Feira;1;0;0;NULL
20280310;10/03/2028;2028;3;10;Março;6;Sexta-Feira;1;0;0;NULL
20280311;11/03/2028;2028;3;11;Março;7;Sábado;1;1;0;NULL
20280312;12/03/2028;2028;3;12;Março;1;Domingo;1;1;0;NULL
20280313;13/03/2028;2028;3;13;Março;2;Segunda-Feira;1;0;0;NULL
20280314;14/03/2028;2028;3;14;Março;3;Terça-Feira;1;0;0;NULL
20280315;15/03/2028;2028;3;15;Março;4;Quarta-Feira;1;0;0;NULL
20280316;16/03/2028;2028;3;16;Março;5;Quinta-Feira;1;0;0;NULL
20280317;17/03/2028;2028;3;17;Março;6;Sexta-Feira;1;0;0;NULL
20280318;18/03/2028;2028;3;18;Março;7;Sábado;1;1;0;NULL
20280319;19/03/2028;2028;3;19;Março;1;Domingo;1;1;0;NULL
20280320;20/03/2028;2028;3;20;Março;2;Segunda-Feira;1;0;0;NULL
20280321;21/03/2028;2028;3;21;Março;3;Terça-Feira;1;0;0;NULL
20280322;22/03/2028;2028;3;22;Março;4;Quarta-Feira;1;0;0;NULL
20280323;23/03/2028;2028;3;23;Março;5;Quinta-Feira;1;0;0;NULL
20280324;24/03/2028;2028;3;24;Março;6;Sexta-Feira;1;0;0;NULL
20280325;25/03/2028;2028;3;25;Março;7;Sábado;1;1;0;NULL
20280326;26/03/2028;2028;3;26;Março;1;Domingo;1;1;0;NULL
20280327;27/03/2028;2028;3;27;Março;2;Segunda-Feira;1;0;0;NULL
20280328;28/03/2028;2028;3;28;Março;3;Terça-Feira;1;0;0;NULL
20280329;29/03/2028;2028;3;29;Março;4;Quarta-Feira;1;0;0;NULL
20280330;30/03/2028;2028;3;30;Março;5;Quinta-Feira;1;0;0;NULL
20280331;31/03/2028;2028;3;31;Março;6;Sexta-Feira;1;0;0;NULL
20280401;01/04/2028;2028;4;1;Abril;7;Sábado;2;1;0;NULL
20280402;02/04/2028;2028;4;2;Abril;1;Domingo;2;1;0;NULL
20280403;03/04/2028;2028;4;3;Abril;2;Segunda-Feira;2;0;0;NULL
20280404;04/04/2028;2028;4;4;Abril;3;Terça-Feira;2;0;0;NULL
20280405;05/04/2028;2028;4;5;Abril;4;Quarta-Feira;2;0;0;NULL
20280406;06/04/2028;2028;4;6;Abril;5;Quinta-Feira;2;0;0;NULL
20280407;07/04/2028;2028;4;7;Abril;6;Sexta-Feira;2;0;0;NULL
20280408;08/04/2028;2028;4;8;Abril;7;Sábado;2;1;0;NULL
20280409;09/04/2028;2028;4;9;Abril;1;Domingo;2;1;0;NULL
20280410;10/04/2028;2028;4;10;Abril;2;Segunda-Feira;2;0;0;NULL
20280411;11/04/2028;2028;4;11;Abril;3;Terça-Feira;2;0;0;NULL
20280412;12/04/2028;2028;4;12;Abril;4;Quarta-Feira;2;0;0;NULL
20280413;13/04/2028;2028;4;13;Abril;5;Quinta-Feira;2;0;0;NULL
20280414;14/04/2028;2028;4;14;Abril;6;Sexta-Feira;2;0;0;NULL
20280415;15/04/2028;2028;4;15;Abril;7;Sábado;2;1;0;NULL
20280416;16/04/2028;2028;4;16;Abril;1;Domingo;2;1;0;NULL
20280417;17/04/2028;2028;4;17;Abril;2;Segunda-Feira;2;0;0;NULL
20280418;18/04/2028;2028;4;18;Abril;3;Terça-Feira;2;0;0;NULL
20280419;19/04/2028;2028;4;19;Abril;4;Quarta-Feira;2;0;0;NULL
20280420;20/04/2028;2028;4;20;Abril;5;Quinta-Feira;2;0;0;NULL
20280421;21/04/2028;2028;4;21;Abril;6;Sexta-Feira;2;0;0;NULL
20280422;22/04/2028;2028;4;22;Abril;7;Sábado;2;1;0;NULL
20280423;23/04/2028;2028;4;23;Abril;1;Domingo;2;1;0;NULL
20280424;24/04/2028;2028;4;24;Abril;2;Segunda-Feira;2;0;0;NULL
20280425;25/04/2028;2028;4;25;Abril;3;Terça-Feira;2;0;0;NULL
20280426;26/04/2028;2028;4;26;Abril;4;Quarta-Feira;2;0;0;NULL
20280427;27/04/2028;2028;4;27;Abril;5;Quinta-Feira;2;0;0;NULL
20280428;28/04/2028;2028;4;28;Abril;6;Sexta-Feira;2;0;0;NULL
20280429;29/04/2028;2028;4;29;Abril;7;Sábado;2;1;0;NULL
20280430;30/04/2028;2028;4;30;Abril;1;Domingo;2;1;0;NULL
20280501;01/05/2028;2028;5;1;Maio;2;Segunda-Feira;2;0;0;NULL
20280502;02/05/2028;2028;5;2;Maio;3;Terça-Feira;2;0;0;NULL
20280503;03/05/2028;2028;5;3;Maio;4;Quarta-Feira;2;0;0;NULL
20280504;04/05/2028;2028;5;4;Maio;5;Quinta-Feira;2;0;0;NULL
20280505;05/05/2028;2028;5;5;Maio;6;Sexta-Feira;2;0;0;NULL
20280506;06/05/2028;2028;5;6;Maio;7;Sábado;2;1;0;NULL
20280507;07/05/2028;2028;5;7;Maio;1;Domingo;2;1;0;NULL
20280508;08/05/2028;2028;5;8;Maio;2;Segunda-Feira;2;0;0;NULL
20280509;09/05/2028;2028;5;9;Maio;3;Terça-Feira;2;0;0;NULL
20280510;10/05/2028;2028;5;10;Maio;4;Quarta-Feira;2;0;0;NULL
20280511;11/05/2028;2028;5;11;Maio;5;Quinta-Feira;2;0;0;NULL
20280512;12/05/2028;2028;5;12;Maio;6;Sexta-Feira;2;0;0;NULL
20280513;13/05/2028;2028;5;13;Maio;7;Sábado;2;1;0;NULL
20280514;14/05/2028;2028;5;14;Maio;1;Domingo;2;1;0;NULL
20280515;15/05/2028;2028;5;15;Maio;2;Segunda-Feira;2;0;0;NULL
20280516;16/05/2028;2028;5;16;Maio;3;Terça-Feira;2;0;0;NULL
20280517;17/05/2028;2028;5;17;Maio;4;Quarta-Feira;2;0;0;NULL
20280518;18/05/2028;2028;5;18;Maio;5;Quinta-Feira;2;0;0;NULL
20280519;19/05/2028;2028;5;19;Maio;6;Sexta-Feira;2;0;0;NULL
20280520;20/05/2028;2028;5;20;Maio;7;Sábado;2;1;0;NULL
20280521;21/05/2028;2028;5;21;Maio;1;Domingo;2;1;0;NULL
20280522;22/05/2028;2028;5;22;Maio;2;Segunda-Feira;2;0;0;NULL
20280523;23/05/2028;2028;5;23;Maio;3;Terça-Feira;2;0;0;NULL
20280524;24/05/2028;2028;5;24;Maio;4;Quarta-Feira;2;0;0;NULL
20280525;25/05/2028;2028;5;25;Maio;5;Quinta-Feira;2;0;0;NULL
20280526;26/05/2028;2028;5;26;Maio;6;Sexta-Feira;2;0;0;NULL
20280527;27/05/2028;2028;5;27;Maio;7;Sábado;2;1;0;NULL
20280528;28/05/2028;2028;5;28;Maio;1;Domingo;2;1;0;NULL
20280529;29/05/2028;2028;5;29;Maio;2;Segunda-Feira;2;0;0;NULL
20280530;30/05/2028;2028;5;30;Maio;3;Terça-Feira;2;0;0;NULL
20280531;31/05/2028;2028;5;31;Maio;4;Quarta-Feira;2;0;0;NULL
20280601;01/06/2028;2028;6;1;Junho;5;Quinta-Feira;2;0;0;NULL
20280602;02/06/2028;2028;6;2;Junho;6;Sexta-Feira;2;0;0;NULL
20280603;03/06/2028;2028;6;3;Junho;7;Sábado;2;1;0;NULL
20280604;04/06/2028;2028;6;4;Junho;1;Domingo;2;1;0;NULL
20280605;05/06/2028;2028;6;5;Junho;2;Segunda-Feira;2;0;0;NULL
20280606;06/06/2028;2028;6;6;Junho;3;Terça-Feira;2;0;0;NULL
20280607;07/06/2028;2028;6;7;Junho;4;Quarta-Feira;2;0;0;NULL
20280608;08/06/2028;2028;6;8;Junho;5;Quinta-Feira;2;0;0;NULL
20280609;09/06/2028;2028;6;9;Junho;6;Sexta-Feira;2;0;0;NULL
20280610;10/06/2028;2028;6;10;Junho;7;Sábado;2;1;0;NULL
20280611;11/06/2028;2028;6;11;Junho;1;Domingo;2;1;0;NULL
20280612;12/06/2028;2028;6;12;Junho;2;Segunda-Feira;2;0;0;NULL
20280613;13/06/2028;2028;6;13;Junho;3;Terça-Feira;2;0;0;NULL
20280614;14/06/2028;2028;6;14;Junho;4;Quarta-Feira;2;0;0;NULL
20280615;15/06/2028;2028;6;15;Junho;5;Quinta-Feira;2;0;0;NULL
20280616;16/06/2028;2028;6;16;Junho;6;Sexta-Feira;2;0;0;NULL
20280617;17/06/2028;2028;6;17;Junho;7;Sábado;2;1;0;NULL
20280618;18/06/2028;2028;6;18;Junho;1;Domingo;2;1;0;NULL
20280619;19/06/2028;2028;6;19;Junho;2;Segunda-Feira;2;0;0;NULL
20280620;20/06/2028;2028;6;20;Junho;3;Terça-Feira;2;0;0;NULL
20280621;21/06/2028;2028;6;21;Junho;4;Quarta-Feira;2;0;0;NULL
20280622;22/06/2028;2028;6;22;Junho;5;Quinta-Feira;2;0;0;NULL
20280623;23/06/2028;2028;6;23;Junho;6;Sexta-Feira;2;0;0;NULL
20280624;24/06/2028;2028;6;24;Junho;7;Sábado;2;1;0;NULL
20280625;25/06/2028;2028;6;25;Junho;1;Domingo;2;1;0;NULL
20280626;26/06/2028;2028;6;26;Junho;2;Segunda-Feira;2;0;0;NULL
20280627;27/06/2028;2028;6;27;Junho;3;Terça-Feira;2;0;0;NULL
20280628;28/06/2028;2028;6;28;Junho;4;Quarta-Feira;2;0;0;NULL
20280629;29/06/2028;2028;6;29;Junho;5;Quinta-Feira;2;0;0;NULL
20280630;30/06/2028;2028;6;30;Junho;6;Sexta-Feira;2;0;0;NULL
20280701;01/07/2028;2028;7;1;Julho;7;Sábado;3;1;0;NULL
20280702;02/07/2028;2028;7;2;Julho;1;Domingo;3;1;0;NULL
20280703;03/07/2028;2028;7;3;Julho;2;Segunda-Feira;3;0;0;NULL
20280704;04/07/2028;2028;7;4;Julho;3;Terça-Feira;3;0;0;NULL
20280705;05/07/2028;2028;7;5;Julho;4;Quarta-Feira;3;0;0;NULL
20280706;06/07/2028;2028;7;6;Julho;5;Quinta-Feira;3;0;0;NULL
20280707;07/07/2028;2028;7;7;Julho;6;Sexta-Feira;3;0;0;NULL
20280708;08/07/2028;2028;7;8;Julho;7;Sábado;3;1;0;NULL
20280709;09/07/2028;2028;7;9;Julho;1;Domingo;3;1;0;NULL
20280710;10/07/2028;2028;7;10;Julho;2;Segunda-Feira;3;0;0;NULL
20280711;11/07/2028;2028;7;11;Julho;3;Terça-Feira;3;0;0;NULL
20280712;12/07/2028;2028;7;12;Julho;4;Quarta-Feira;3;0;0;NULL
20280713;13/07/2028;2028;7;13;Julho;5;Quinta-Feira;3;0;0;NULL
20280714;14/07/2028;2028;7;14;Julho;6;Sexta-Feira;3;0;0;NULL
20280715;15/07/2028;2028;7;15;Julho;7;Sábado;3;1;0;NULL
20280716;16/07/2028;2028;7;16;Julho;1;Domingo;3;1;0;NULL
20280717;17/07/2028;2028;7;17;Julho;2;Segunda-Feira;3;0;0;NULL
20280718;18/07/2028;2028;7;18;Julho;3;Terça-Feira;3;0;0;NULL
20280719;19/07/2028;2028;7;19;Julho;4;Quarta-Feira;3;0;0;NULL
20280720;20/07/2028;2028;7;20;Julho;5;Quinta-Feira;3;0;0;NULL
20280721;21/07/2028;2028;7;21;Julho;6;Sexta-Feira;3;0;0;NULL
20280722;22/07/2028;2028;7;22;Julho;7;Sábado;3;1;0;NULL
20280723;23/07/2028;2028;7;23;Julho;1;Domingo;3;1;0;NULL
20280724;24/07/2028;2028;7;24;Julho;2;Segunda-Feira;3;0;0;NULL
20280725;25/07/2028;2028;7;25;Julho;3;Terça-Feira;3;0;0;NULL
20280726;26/07/2028;2028;7;26;Julho;4;Quarta-Feira;3;0;0;NULL
20280727;27/07/2028;2028;7;27;Julho;5;Quinta-Feira;3;0;0;NULL
20280728;28/07/2028;2028;7;28;Julho;6;Sexta-Feira;3;0;0;NULL
20280729;29/07/2028;2028;7;29;Julho;7;Sábado;3;1;0;NULL
20280730;30/07/2028;2028;7;30;Julho;1;Domingo;3;1;0;NULL
20280731;31/07/2028;2028;7;31;Julho;2;Segunda-Feira;3;0;0;NULL
20280801;01/08/2028;2028;8;1;Agosto;3;Terça-Feira;3;0;0;NULL
20280802;02/08/2028;2028;8;2;Agosto;4;Quarta-Feira;3;0;0;NULL
20280803;03/08/2028;2028;8;3;Agosto;5;Quinta-Feira;3;0;0;NULL
20280804;04/08/2028;2028;8;4;Agosto;6;Sexta-Feira;3;0;0;NULL
20280805;05/08/2028;2028;8;5;Agosto;7;Sábado;3;1;0;NULL
20280806;06/08/2028;2028;8;6;Agosto;1;Domingo;3;1;0;NULL
20280807;07/08/2028;2028;8;7;Agosto;2;Segunda-Feira;3;0;0;NULL
20280808;08/08/2028;2028;8;8;Agosto;3;Terça-Feira;3;0;0;NULL
20280809;09/08/2028;2028;8;9;Agosto;4;Quarta-Feira;3;0;0;NULL
20280810;10/08/2028;2028;8;10;Agosto;5;Quinta-Feira;3;0;0;NULL
20280811;11/08/2028;2028;8;11;Agosto;6;Sexta-Feira;3;0;0;NULL
20280812;12/08/2028;2028;8;12;Agosto;7;Sábado;3;1;0;NULL
20280813;13/08/2028;2028;8;13;Agosto;1;Domingo;3;1;0;NULL
20280814;14/08/2028;2028;8;14;Agosto;2;Segunda-Feira;3;0;0;NULL
20280815;15/08/2028;2028;8;15;Agosto;3;Terça-Feira;3;0;0;NULL
20280816;16/08/2028;2028;8;16;Agosto;4;Quarta-Feira;3;0;0;NULL
20280817;17/08/2028;2028;8;17;Agosto;5;Quinta-Feira;3;0;0;NULL
20280818;18/08/2028;2028;8;18;Agosto;6;Sexta-Feira;3;0;0;NULL
20280819;19/08/2028;2028;8;19;Agosto;7;Sábado;3;1;0;NULL
20280820;20/08/2028;2028;8;20;Agosto;1;Domingo;3;1;0;NULL
20280821;21/08/2028;2028;8;21;Agosto;2;Segunda-Feira;3;0;0;NULL
20280822;22/08/2028;2028;8;22;Agosto;3;Terça-Feira;3;0;0;NULL
20280823;23/08/2028;2028;8;23;Agosto;4;Quarta-Feira;3;0;0;NULL
20280824;24/08/2028;2028;8;24;Agosto;5;Quinta-Feira;3;0;0;NULL
20280825;25/08/2028;2028;8;25;Agosto;6;Sexta-Feira;3;0;0;NULL
20280826;26/08/2028;2028;8;26;Agosto;7;Sábado;3;1;0;NULL
20280827;27/08/2028;2028;8;27;Agosto;1;Domingo;3;1;0;NULL
20280828;28/08/2028;2028;8;28;Agosto;2;Segunda-Feira;3;0;0;NULL
20280829;29/08/2028;2028;8;29;Agosto;3;Terça-Feira;3;0;0;NULL
20280830;30/08/2028;2028;8;30;Agosto;4;Quarta-Feira;3;0;0;NULL
20280831;31/08/2028;2028;8;31;Agosto;5;Quinta-Feira;3;0;0;NULL
20280901;01/09/2028;2028;9;1;Setembro;6;Sexta-Feira;3;0;0;NULL
20280902;02/09/2028;2028;9;2;Setembro;7;Sábado;3;1;0;NULL
20280903;03/09/2028;2028;9;3;Setembro;1;Domingo;3;1;0;NULL
20280904;04/09/2028;2028;9;4;Setembro;2;Segunda-Feira;3;0;0;NULL
20280905;05/09/2028;2028;9;5;Setembro;3;Terça-Feira;3;0;0;NULL
20280906;06/09/2028;2028;9;6;Setembro;4;Quarta-Feira;3;0;0;NULL
20280907;07/09/2028;2028;9;7;Setembro;5;Quinta-Feira;3;0;0;NULL
20280908;08/09/2028;2028;9;8;Setembro;6;Sexta-Feira;3;0;0;NULL
20280909;09/09/2028;2028;9;9;Setembro;7;Sábado;3;1;0;NULL
20280910;10/09/2028;2028;9;10;Setembro;1;Domingo;3;1;0;NULL
20280911;11/09/2028;2028;9;11;Setembro;2;Segunda-Feira;3;0;0;NULL
20280912;12/09/2028;2028;9;12;Setembro;3;Terça-Feira;3;0;0;NULL
20280913;13/09/2028;2028;9;13;Setembro;4;Quarta-Feira;3;0;0;NULL
20280914;14/09/2028;2028;9;14;Setembro;5;Quinta-Feira;3;0;0;NULL
20280915;15/09/2028;2028;9;15;Setembro;6;Sexta-Feira;3;0;0;NULL
20280916;16/09/2028;2028;9;16;Setembro;7;Sábado;3;1;0;NULL
20280917;17/09/2028;2028;9;17;Setembro;1;Domingo;3;1;0;NULL
20280918;18/09/2028;2028;9;18;Setembro;2;Segunda-Feira;3;0;0;NULL
20280919;19/09/2028;2028;9;19;Setembro;3;Terça-Feira;3;0;0;NULL
20280920;20/09/2028;2028;9;20;Setembro;4;Quarta-Feira;3;0;0;NULL
20280921;21/09/2028;2028;9;21;Setembro;5;Quinta-Feira;3;0;0;NULL
20280922;22/09/2028;2028;9;22;Setembro;6;Sexta-Feira;3;0;0;NULL
20280923;23/09/2028;2028;9;23;Setembro;7;Sábado;3;1;0;NULL
20280924;24/09/2028;2028;9;24;Setembro;1;Domingo;3;1;0;NULL
20280925;25/09/2028;2028;9;25;Setembro;2;Segunda-Feira;3;0;0;NULL
20280926;26/09/2028;2028;9;26;Setembro;3;Terça-Feira;3;0;0;NULL
20280927;27/09/2028;2028;9;27;Setembro;4;Quarta-Feira;3;0;0;NULL
20280928;28/09/2028;2028;9;28;Setembro;5;Quinta-Feira;3;0;0;NULL
20280929;29/09/2028;2028;9;29;Setembro;6;Sexta-Feira;3;0;0;NULL
20280930;30/09/2028;2028;9;30;Setembro;7;Sábado;3;1;0;NULL
20281001;01/10/2028;2028;10;1;Outubro;1;Domingo;4;1;0;NULL
20281002;02/10/2028;2028;10;2;Outubro;2;Segunda-Feira;4;0;0;NULL
20281003;03/10/2028;2028;10;3;Outubro;3;Terça-Feira;4;0;0;NULL
20281004;04/10/2028;2028;10;4;Outubro;4;Quarta-Feira;4;0;0;NULL
20281005;05/10/2028;2028;10;5;Outubro;5;Quinta-Feira;4;0;0;NULL
20281006;06/10/2028;2028;10;6;Outubro;6;Sexta-Feira;4;0;0;NULL
20281007;07/10/2028;2028;10;7;Outubro;7;Sábado;4;1;0;NULL
20281008;08/10/2028;2028;10;8;Outubro;1;Domingo;4;1;0;NULL
20281009;09/10/2028;2028;10;9;Outubro;2;Segunda-Feira;4;0;0;NULL
20281010;10/10/2028;2028;10;10;Outubro;3;Terça-Feira;4;0;0;NULL
20281011;11/10/2028;2028;10;11;Outubro;4;Quarta-Feira;4;0;0;NULL
20281012;12/10/2028;2028;10;12;Outubro;5;Quinta-Feira;4;0;0;NULL
20281013;13/10/2028;2028;10;13;Outubro;6;Sexta-Feira;4;0;0;NULL
20281014;14/10/2028;2028;10;14;Outubro;7;Sábado;4;1;0;NULL
20281015;15/10/2028;2028;10;15;Outubro;1;Domingo;4;1;0;NULL
20281016;16/10/2028;2028;10;16;Outubro;2;Segunda-Feira;4;0;0;NULL
20281017;17/10/2028;2028;10;17;Outubro;3;Terça-Feira;4;0;0;NULL
20281018;18/10/2028;2028;10;18;Outubro;4;Quarta-Feira;4;0;0;NULL
20281019;19/10/2028;2028;10;19;Outubro;5;Quinta-Feira;4;0;0;NULL
20281020;20/10/2028;2028;10;20;Outubro;6;Sexta-Feira;4;0;0;NULL
20281021;21/10/2028;2028;10;21;Outubro;7;Sábado;4;1;0;NULL
20281022;22/10/2028;2028;10;22;Outubro;1;Domingo;4;1;0;NULL
20281023;23/10/2028;2028;10;23;Outubro;2;Segunda-Feira;4;0;0;NULL
20281024;24/10/2028;2028;10;24;Outubro;3;Terça-Feira;4;0;0;NULL
20281025;25/10/2028;2028;10;25;Outubro;4;Quarta-Feira;4;0;0;NULL
20281026;26/10/2028;2028;10;26;Outubro;5;Quinta-Feira;4;0;0;NULL
20281027;27/10/2028;2028;10;27;Outubro;6;Sexta-Feira;4;0;0;NULL
20281028;28/10/2028;2028;10;28;Outubro;7;Sábado;4;1;0;NULL
20281029;29/10/2028;2028;10;29;Outubro;1;Domingo;4;1;0;NULL
20281030;30/10/2028;2028;10;30;Outubro;2;Segunda-Feira;4;0;0;NULL
20281031;31/10/2028;2028;10;31;Outubro;3;Terça-Feira;4;0;0;NULL
20281101;01/11/2028;2028;11;1;Novembro;4;Quarta-Feira;4;0;0;NULL
20281102;02/11/2028;2028;11;2;Novembro;5;Quinta-Feira;4;0;0;NULL
20281103;03/11/2028;2028;11;3;Novembro;6;Sexta-Feira;4;0;0;NULL
20281104;04/11/2028;2028;11;4;Novembro;7;Sábado;4;1;0;NULL
20281105;05/11/2028;2028;11;5;Novembro;1;Domingo;4;1;0;NULL
20281106;06/11/2028;2028;11;6;Novembro;2;Segunda-Feira;4;0;0;NULL
20281107;07/11/2028;2028;11;7;Novembro;3;Terça-Feira;4;0;0;NULL
20281108;08/11/2028;2028;11;8;Novembro;4;Quarta-Feira;4;0;0;NULL
20281109;09/11/2028;2028;11;9;Novembro;5;Quinta-Feira;4;0;0;NULL
20281110;10/11/2028;2028;11;10;Novembro;6;Sexta-Feira;4;0;0;NULL
20281111;11/11/2028;2028;11;11;Novembro;7;Sábado;4;1;0;NULL
20281112;12/11/2028;2028;11;12;Novembro;1;Domingo;4;1;0;NULL
20281113;13/11/2028;2028;11;13;Novembro;2;Segunda-Feira;4;0;0;NULL
20281114;14/11/2028;2028;11;14;Novembro;3;Terça-Feira;4;0;0;NULL
20281115;15/11/2028;2028;11;15;Novembro;4;Quarta-Feira;4;0;0;NULL
20281116;16/11/2028;2028;11;16;Novembro;5;Quinta-Feira;4;0;0;NULL
20281117;17/11/2028;2028;11;17;Novembro;6;Sexta-Feira;4;0;0;NULL
20281118;18/11/2028;2028;11;18;Novembro;7;Sábado;4;1;0;NULL
20281119;19/11/2028;2028;11;19;Novembro;1;Domingo;4;1;0;NULL
20281120;20/11/2028;2028;11;20;Novembro;2;Segunda-Feira;4;0;0;NULL
20281121;21/11/2028;2028;11;21;Novembro;3;Terça-Feira;4;0;0;NULL
20281122;22/11/2028;2028;11;22;Novembro;4;Quarta-Feira;4;0;0;NULL
20281123;23/11/2028;2028;11;23;Novembro;5;Quinta-Feira;4;0;0;NULL
20281124;24/11/2028;2028;11;24;Novembro;6;Sexta-Feira;4;0;0;NULL
20281125;25/11/2028;2028;11;25;Novembro;7;Sábado;4;1;0;NULL
20281126;26/11/2028;2028;11;26;Novembro;1;Domingo;4;1;0;NULL
20281127;27/11/2028;2028;11;27;Novembro;2;Segunda-Feira;4;0;0;NULL
20281128;28/11/2028;2028;11;28;Novembro;3;Terça-Feira;4;0;0;NULL
20281129;29/11/2028;2028;11;29;Novembro;4;Quarta-Feira;4;0;0;NULL
20281130;30/11/2028;2028;11;30;Novembro;5;Quinta-Feira;4;0;0;NULL
20281201;01/12/2028;2028;12;1;Dezembro;6;Sexta-Feira;4;0;0;NULL
20281202;02/12/2028;2028;12;2;Dezembro;7;Sábado;4;1;0;NULL
20281203;03/12/2028;2028;12;3;Dezembro;1;Domingo;4;1;0;NULL
20281204;04/12/2028;2028;12;4;Dezembro;2;Segunda-Feira;4;0;0;NULL
20281205;05/12/2028;2028;12;5;Dezembro;3;Terça-Feira;4;0;0;NULL
20281206;06/12/2028;2028;12;6;Dezembro;4;Quarta-Feira;4;0;0;NULL
20281207;07/12/2028;2028;12;7;Dezembro;5;Quinta-Feira;4;0;0;NULL
20281208;08/12/2028;2028;12;8;Dezembro;6;Sexta-Feira;4;0;0;NULL
20281209;09/12/2028;2028;12;9;Dezembro;7;Sábado;4;1;0;NULL
20281210;10/12/2028;2028;12;10;Dezembro;1;Domingo;4;1;0;NULL
20281211;11/12/2028;2028;12;11;Dezembro;2;Segunda-Feira;4;0;0;NULL
20281212;12/12/2028;2028;12;12;Dezembro;3;Terça-Feira;4;0;0;NULL
20281213;13/12/2028;2028;12;13;Dezembro;4;Quarta-Feira;4;0;0;NULL
20281214;14/12/2028;2028;12;14;Dezembro;5;Quinta-Feira;4;0;0;NULL
20281215;15/12/2028;2028;12;15;Dezembro;6;Sexta-Feira;4;0;0;NULL
20281216;16/12/2028;2028;12;16;Dezembro;7;Sábado;4;1;0;NULL
20281217;17/12/2028;2028;12;17;Dezembro;1;Domingo;4;1;0;NULL
20281218;18/12/2028;2028;12;18;Dezembro;2;Segunda-Feira;4;0;0;NULL
20281219;19/12/2028;2028;12;19;Dezembro;3;Terça-Feira;4;0;0;NULL
20281220;20/12/2028;2028;12;20;Dezembro;4;Quarta-Feira;4;0;0;NULL
20281221;21/12/2028;2028;12;21;Dezembro;5;Quinta-Feira;4;0;0;NULL
20281222;22/12/2028;2028;12;22;Dezembro;6;Sexta-Feira;4;0;0;NULL
20281223;23/12/2028;2028;12;23;Dezembro;7;Sábado;4;1;0;NULL
20281224;24/12/2028;2028;12;24;Dezembro;1;Domingo;4;1;0;NULL
20281225;25/12/2028;2028;12;25;Dezembro;2;Segunda-Feira;4;0;0;NULL
20281226;26/12/2028;2028;12;26;Dezembro;3;Terça-Feira;4;0;0;NULL
20281227;27/12/2028;2028;12;27;Dezembro;4;Quarta-Feira;4;0;0;NULL
20281228;28/12/2028;2028;12;28;Dezembro;5;Quinta-Feira;4;0;0;NULL
20281229;29/12/2028;2028;12;29;Dezembro;6;Sexta-Feira;4;0;0;NULL
20281230;30/12/2028;2028;12;30;Dezembro;7;Sábado;4;1;0;NULL
20281231;31/12/2028;2028;12;31;Dezembro;1;Domingo;4;1;0;NULL
20290101;01/01/2029;2029;1;1;Janeiro;2;Segunda-Feira;1;0;0;NULL
20290102;02/01/2029;2029;1;2;Janeiro;3;Terça-Feira;1;0;0;NULL
20290103;03/01/2029;2029;1;3;Janeiro;4;Quarta-Feira;1;0;0;NULL
20290104;04/01/2029;2029;1;4;Janeiro;5;Quinta-Feira;1;0;0;NULL
20290105;05/01/2029;2029;1;5;Janeiro;6;Sexta-Feira;1;0;0;NULL
20290106;06/01/2029;2029;1;6;Janeiro;7;Sábado;1;1;0;NULL
20290107;07/01/2029;2029;1;7;Janeiro;1;Domingo;1;1;0;NULL
20290108;08/01/2029;2029;1;8;Janeiro;2;Segunda-Feira;1;0;0;NULL
20290109;09/01/2029;2029;1;9;Janeiro;3;Terça-Feira;1;0;0;NULL
20290110;10/01/2029;2029;1;10;Janeiro;4;Quarta-Feira;1;0;0;NULL
20290111;11/01/2029;2029;1;11;Janeiro;5;Quinta-Feira;1;0;0;NULL
20290112;12/01/2029;2029;1;12;Janeiro;6;Sexta-Feira;1;0;0;NULL
20290113;13/01/2029;2029;1;13;Janeiro;7;Sábado;1;1;0;NULL
20290114;14/01/2029;2029;1;14;Janeiro;1;Domingo;1;1;0;NULL
20290115;15/01/2029;2029;1;15;Janeiro;2;Segunda-Feira;1;0;0;NULL
20290116;16/01/2029;2029;1;16;Janeiro;3;Terça-Feira;1;0;0;NULL
20290117;17/01/2029;2029;1;17;Janeiro;4;Quarta-Feira;1;0;0;NULL
20290118;18/01/2029;2029;1;18;Janeiro;5;Quinta-Feira;1;0;0;NULL
20290119;19/01/2029;2029;1;19;Janeiro;6;Sexta-Feira;1;0;0;NULL
20290120;20/01/2029;2029;1;20;Janeiro;7;Sábado;1;1;0;NULL
20290121;21/01/2029;2029;1;21;Janeiro;1;Domingo;1;1;0;NULL
20290122;22/01/2029;2029;1;22;Janeiro;2;Segunda-Feira;1;0;0;NULL
20290123;23/01/2029;2029;1;23;Janeiro;3;Terça-Feira;1;0;0;NULL
20290124;24/01/2029;2029;1;24;Janeiro;4;Quarta-Feira;1;0;0;NULL
20290125;25/01/2029;2029;1;25;Janeiro;5;Quinta-Feira;1;0;0;NULL
20290126;26/01/2029;2029;1;26;Janeiro;6;Sexta-Feira;1;0;0;NULL
20290127;27/01/2029;2029;1;27;Janeiro;7;Sábado;1;1;0;NULL
20290128;28/01/2029;2029;1;28;Janeiro;1;Domingo;1;1;0;NULL
20290129;29/01/2029;2029;1;29;Janeiro;2;Segunda-Feira;1;0;0;NULL
20290130;30/01/2029;2029;1;30;Janeiro;3;Terça-Feira;1;0;0;NULL
20290131;31/01/2029;2029;1;31;Janeiro;4;Quarta-Feira;1;0;0;NULL
20290201;01/02/2029;2029;2;1;Fevereiro;5;Quinta-Feira;1;0;0;NULL
20290202;02/02/2029;2029;2;2;Fevereiro;6;Sexta-Feira;1;0;0;NULL
20290203;03/02/2029;2029;2;3;Fevereiro;7;Sábado;1;1;0;NULL
20290204;04/02/2029;2029;2;4;Fevereiro;1;Domingo;1;1;0;NULL
20290205;05/02/2029;2029;2;5;Fevereiro;2;Segunda-Feira;1;0;0;NULL
20290206;06/02/2029;2029;2;6;Fevereiro;3;Terça-Feira;1;0;0;NULL
20290207;07/02/2029;2029;2;7;Fevereiro;4;Quarta-Feira;1;0;0;NULL
20290208;08/02/2029;2029;2;8;Fevereiro;5;Quinta-Feira;1;0;0;NULL
20290209;09/02/2029;2029;2;9;Fevereiro;6;Sexta-Feira;1;0;0;NULL
20290210;10/02/2029;2029;2;10;Fevereiro;7;Sábado;1;1;0;NULL
20290211;11/02/2029;2029;2;11;Fevereiro;1;Domingo;1;1;0;NULL
20290212;12/02/2029;2029;2;12;Fevereiro;2;Segunda-Feira;1;0;0;NULL
20290213;13/02/2029;2029;2;13;Fevereiro;3;Terça-Feira;1;0;0;NULL
20290214;14/02/2029;2029;2;14;Fevereiro;4;Quarta-Feira;1;0;0;NULL
20290215;15/02/2029;2029;2;15;Fevereiro;5;Quinta-Feira;1;0;0;NULL
20290216;16/02/2029;2029;2;16;Fevereiro;6;Sexta-Feira;1;0;0;NULL
20290217;17/02/2029;2029;2;17;Fevereiro;7;Sábado;1;1;0;NULL
20290218;18/02/2029;2029;2;18;Fevereiro;1;Domingo;1;1;0;NULL
20290219;19/02/2029;2029;2;19;Fevereiro;2;Segunda-Feira;1;0;0;NULL
20290220;20/02/2029;2029;2;20;Fevereiro;3;Terça-Feira;1;0;0;NULL
20290221;21/02/2029;2029;2;21;Fevereiro;4;Quarta-Feira;1;0;0;NULL
20290222;22/02/2029;2029;2;22;Fevereiro;5;Quinta-Feira;1;0;0;NULL
20290223;23/02/2029;2029;2;23;Fevereiro;6;Sexta-Feira;1;0;0;NULL
20290224;24/02/2029;2029;2;24;Fevereiro;7;Sábado;1;1;0;NULL
20290225;25/02/2029;2029;2;25;Fevereiro;1;Domingo;1;1;0;NULL
20290226;26/02/2029;2029;2;26;Fevereiro;2;Segunda-Feira;1;0;0;NULL
20290227;27/02/2029;2029;2;27;Fevereiro;3;Terça-Feira;1;0;0;NULL
20290228;28/02/2029;2029;2;28;Fevereiro;4;Quarta-Feira;1;0;0;NULL
20290301;01/03/2029;2029;3;1;Março;5;Quinta-Feira;1;0;0;NULL
20290302;02/03/2029;2029;3;2;Março;6;Sexta-Feira;1;0;0;NULL
20290303;03/03/2029;2029;3;3;Março;7;Sábado;1;1;0;NULL
20290304;04/03/2029;2029;3;4;Março;1;Domingo;1;1;0;NULL
20290305;05/03/2029;2029;3;5;Março;2;Segunda-Feira;1;0;0;NULL
20290306;06/03/2029;2029;3;6;Março;3;Terça-Feira;1;0;0;NULL
20290307;07/03/2029;2029;3;7;Março;4;Quarta-Feira;1;0;0;NULL
20290308;08/03/2029;2029;3;8;Março;5;Quinta-Feira;1;0;0;NULL
20290309;09/03/2029;2029;3;9;Março;6;Sexta-Feira;1;0;0;NULL
20290310;10/03/2029;2029;3;10;Março;7;Sábado;1;1;0;NULL
20290311;11/03/2029;2029;3;11;Março;1;Domingo;1;1;0;NULL
20290312;12/03/2029;2029;3;12;Março;2;Segunda-Feira;1;0;0;NULL
20290313;13/03/2029;2029;3;13;Março;3;Terça-Feira;1;0;0;NULL
20290314;14/03/2029;2029;3;14;Março;4;Quarta-Feira;1;0;0;NULL
20290315;15/03/2029;2029;3;15;Março;5;Quinta-Feira;1;0;0;NULL
20290316;16/03/2029;2029;3;16;Março;6;Sexta-Feira;1;0;0;NULL
20290317;17/03/2029;2029;3;17;Março;7;Sábado;1;1;0;NULL
20290318;18/03/2029;2029;3;18;Março;1;Domingo;1;1;0;NULL
20290319;19/03/2029;2029;3;19;Março;2;Segunda-Feira;1;0;0;NULL
20290320;20/03/2029;2029;3;20;Março;3;Terça-Feira;1;0;0;NULL
20290321;21/03/2029;2029;3;21;Março;4;Quarta-Feira;1;0;0;NULL
20290322;22/03/2029;2029;3;22;Março;5;Quinta-Feira;1;0;0;NULL
20290323;23/03/2029;2029;3;23;Março;6;Sexta-Feira;1;0;0;NULL
20290324;24/03/2029;2029;3;24;Março;7;Sábado;1;1;0;NULL
20290325;25/03/2029;2029;3;25;Março;1;Domingo;1;1;0;NULL
20290326;26/03/2029;2029;3;26;Março;2;Segunda-Feira;1;0;0;NULL
20290327;27/03/2029;2029;3;27;Março;3;Terça-Feira;1;0;0;NULL
20290328;28/03/2029;2029;3;28;Março;4;Quarta-Feira;1;0;0;NULL
20290329;29/03/2029;2029;3;29;Março;5;Quinta-Feira;1;0;0;NULL
20290330;30/03/2029;2029;3;30;Março;6;Sexta-Feira;1;0;0;NULL
20290331;31/03/2029;2029;3;31;Março;7;Sábado;1;1;0;NULL
20290401;01/04/2029;2029;4;1;Abril;1;Domingo;2;1;0;NULL
20290402;02/04/2029;2029;4;2;Abril;2;Segunda-Feira;2;0;0;NULL
20290403;03/04/2029;2029;4;3;Abril;3;Terça-Feira;2;0;0;NULL
20290404;04/04/2029;2029;4;4;Abril;4;Quarta-Feira;2;0;0;NULL
20290405;05/04/2029;2029;4;5;Abril;5;Quinta-Feira;2;0;0;NULL
20290406;06/04/2029;2029;4;6;Abril;6;Sexta-Feira;2;0;0;NULL
20290407;07/04/2029;2029;4;7;Abril;7;Sábado;2;1;0;NULL
20290408;08/04/2029;2029;4;8;Abril;1;Domingo;2;1;0;NULL
20290409;09/04/2029;2029;4;9;Abril;2;Segunda-Feira;2;0;0;NULL
20290410;10/04/2029;2029;4;10;Abril;3;Terça-Feira;2;0;0;NULL
20290411;11/04/2029;2029;4;11;Abril;4;Quarta-Feira;2;0;0;NULL
20290412;12/04/2029;2029;4;12;Abril;5;Quinta-Feira;2;0;0;NULL
20290413;13/04/2029;2029;4;13;Abril;6;Sexta-Feira;2;0;0;NULL
20290414;14/04/2029;2029;4;14;Abril;7;Sábado;2;1;0;NULL
20290415;15/04/2029;2029;4;15;Abril;1;Domingo;2;1;0;NULL
20290416;16/04/2029;2029;4;16;Abril;2;Segunda-Feira;2;0;0;NULL
20290417;17/04/2029;2029;4;17;Abril;3;Terça-Feira;2;0;0;NULL
20290418;18/04/2029;2029;4;18;Abril;4;Quarta-Feira;2;0;0;NULL
20290419;19/04/2029;2029;4;19;Abril;5;Quinta-Feira;2;0;0;NULL
20290420;20/04/2029;2029;4;20;Abril;6;Sexta-Feira;2;0;0;NULL
20290421;21/04/2029;2029;4;21;Abril;7;Sábado;2;1;0;NULL
20290422;22/04/2029;2029;4;22;Abril;1;Domingo;2;1;0;NULL
20290423;23/04/2029;2029;4;23;Abril;2;Segunda-Feira;2;0;0;NULL
20290424;24/04/2029;2029;4;24;Abril;3;Terça-Feira;2;0;0;NULL
20290425;25/04/2029;2029;4;25;Abril;4;Quarta-Feira;2;0;0;NULL
20290426;26/04/2029;2029;4;26;Abril;5;Quinta-Feira;2;0;0;NULL
20290427;27/04/2029;2029;4;27;Abril;6;Sexta-Feira;2;0;0;NULL
20290428;28/04/2029;2029;4;28;Abril;7;Sábado;2;1;0;NULL
20290429;29/04/2029;2029;4;29;Abril;1;Domingo;2;1;0;NULL
20290430;30/04/2029;2029;4;30;Abril;2;Segunda-Feira;2;0;0;NULL
20290501;01/05/2029;2029;5;1;Maio;3;Terça-Feira;2;0;0;NULL
20290502;02/05/2029;2029;5;2;Maio;4;Quarta-Feira;2;0;0;NULL
20290503;03/05/2029;2029;5;3;Maio;5;Quinta-Feira;2;0;0;NULL
20290504;04/05/2029;2029;5;4;Maio;6;Sexta-Feira;2;0;0;NULL
20290505;05/05/2029;2029;5;5;Maio;7;Sábado;2;1;0;NULL
20290506;06/05/2029;2029;5;6;Maio;1;Domingo;2;1;0;NULL
20290507;07/05/2029;2029;5;7;Maio;2;Segunda-Feira;2;0;0;NULL
20290508;08/05/2029;2029;5;8;Maio;3;Terça-Feira;2;0;0;NULL
20290509;09/05/2029;2029;5;9;Maio;4;Quarta-Feira;2;0;0;NULL
20290510;10/05/2029;2029;5;10;Maio;5;Quinta-Feira;2;0;0;NULL
20290511;11/05/2029;2029;5;11;Maio;6;Sexta-Feira;2;0;0;NULL
20290512;12/05/2029;2029;5;12;Maio;7;Sábado;2;1;0;NULL
20290513;13/05/2029;2029;5;13;Maio;1;Domingo;2;1;0;NULL
20290514;14/05/2029;2029;5;14;Maio;2;Segunda-Feira;2;0;0;NULL
20290515;15/05/2029;2029;5;15;Maio;3;Terça-Feira;2;0;0;NULL
20290516;16/05/2029;2029;5;16;Maio;4;Quarta-Feira;2;0;0;NULL
20290517;17/05/2029;2029;5;17;Maio;5;Quinta-Feira;2;0;0;NULL
20290518;18/05/2029;2029;5;18;Maio;6;Sexta-Feira;2;0;0;NULL
20290519;19/05/2029;2029;5;19;Maio;7;Sábado;2;1;0;NULL
20290520;20/05/2029;2029;5;20;Maio;1;Domingo;2;1;0;NULL
20290521;21/05/2029;2029;5;21;Maio;2;Segunda-Feira;2;0;0;NULL
20290522;22/05/2029;2029;5;22;Maio;3;Terça-Feira;2;0;0;NULL
20290523;23/05/2029;2029;5;23;Maio;4;Quarta-Feira;2;0;0;NULL
20290524;24/05/2029;2029;5;24;Maio;5;Quinta-Feira;2;0;0;NULL
20290525;25/05/2029;2029;5;25;Maio;6;Sexta-Feira;2;0;0;NULL
20290526;26/05/2029;2029;5;26;Maio;7;Sábado;2;1;0;NULL
20290527;27/05/2029;2029;5;27;Maio;1;Domingo;2;1;0;NULL
20290528;28/05/2029;2029;5;28;Maio;2;Segunda-Feira;2;0;0;NULL
20290529;29/05/2029;2029;5;29;Maio;3;Terça-Feira;2;0;0;NULL
20290530;30/05/2029;2029;5;30;Maio;4;Quarta-Feira;2;0;0;NULL
20290531;31/05/2029;2029;5;31;Maio;5;Quinta-Feira;2;0;0;NULL
20290601;01/06/2029;2029;6;1;Junho;6;Sexta-Feira;2;0;0;NULL
20290602;02/06/2029;2029;6;2;Junho;7;Sábado;2;1;0;NULL
20290603;03/06/2029;2029;6;3;Junho;1;Domingo;2;1;0;NULL
20290604;04/06/2029;2029;6;4;Junho;2;Segunda-Feira;2;0;0;NULL
20290605;05/06/2029;2029;6;5;Junho;3;Terça-Feira;2;0;0;NULL
20290606;06/06/2029;2029;6;6;Junho;4;Quarta-Feira;2;0;0;NULL
20290607;07/06/2029;2029;6;7;Junho;5;Quinta-Feira;2;0;0;NULL
20290608;08/06/2029;2029;6;8;Junho;6;Sexta-Feira;2;0;0;NULL
20290609;09/06/2029;2029;6;9;Junho;7;Sábado;2;1;0;NULL
20290610;10/06/2029;2029;6;10;Junho;1;Domingo;2;1;0;NULL
20290611;11/06/2029;2029;6;11;Junho;2;Segunda-Feira;2;0;0;NULL
20290612;12/06/2029;2029;6;12;Junho;3;Terça-Feira;2;0;0;NULL
20290613;13/06/2029;2029;6;13;Junho;4;Quarta-Feira;2;0;0;NULL
20290614;14/06/2029;2029;6;14;Junho;5;Quinta-Feira;2;0;0;NULL
20290615;15/06/2029;2029;6;15;Junho;6;Sexta-Feira;2;0;0;NULL
20290616;16/06/2029;2029;6;16;Junho;7;Sábado;2;1;0;NULL
20290617;17/06/2029;2029;6;17;Junho;1;Domingo;2;1;0;NULL
20290618;18/06/2029;2029;6;18;Junho;2;Segunda-Feira;2;0;0;NULL
20290619;19/06/2029;2029;6;19;Junho;3;Terça-Feira;2;0;0;NULL
20290620;20/06/2029;2029;6;20;Junho;4;Quarta-Feira;2;0;0;NULL
20290621;21/06/2029;2029;6;21;Junho;5;Quinta-Feira;2;0;0;NULL
20290622;22/06/2029;2029;6;22;Junho;6;Sexta-Feira;2;0;0;NULL
20290623;23/06/2029;2029;6;23;Junho;7;Sábado;2;1;0;NULL
20290624;24/06/2029;2029;6;24;Junho;1;Domingo;2;1;0;NULL
20290625;25/06/2029;2029;6;25;Junho;2;Segunda-Feira;2;0;0;NULL
20290626;26/06/2029;2029;6;26;Junho;3;Terça-Feira;2;0;0;NULL
20290627;27/06/2029;2029;6;27;Junho;4;Quarta-Feira;2;0;0;NULL
20290628;28/06/2029;2029;6;28;Junho;5;Quinta-Feira;2;0;0;NULL
20290629;29/06/2029;2029;6;29;Junho;6;Sexta-Feira;2;0;0;NULL
20290630;30/06/2029;2029;6;30;Junho;7;Sábado;2;1;0;NULL
20290701;01/07/2029;2029;7;1;Julho;1;Domingo;3;1;0;NULL
20290702;02/07/2029;2029;7;2;Julho;2;Segunda-Feira;3;0;0;NULL
20290703;03/07/2029;2029;7;3;Julho;3;Terça-Feira;3;0;0;NULL
20290704;04/07/2029;2029;7;4;Julho;4;Quarta-Feira;3;0;0;NULL
20290705;05/07/2029;2029;7;5;Julho;5;Quinta-Feira;3;0;0;NULL
20290706;06/07/2029;2029;7;6;Julho;6;Sexta-Feira;3;0;0;NULL
20290707;07/07/2029;2029;7;7;Julho;7;Sábado;3;1;0;NULL
20290708;08/07/2029;2029;7;8;Julho;1;Domingo;3;1;0;NULL
20290709;09/07/2029;2029;7;9;Julho;2;Segunda-Feira;3;0;0;NULL
20290710;10/07/2029;2029;7;10;Julho;3;Terça-Feira;3;0;0;NULL
20290711;11/07/2029;2029;7;11;Julho;4;Quarta-Feira;3;0;0;NULL
20290712;12/07/2029;2029;7;12;Julho;5;Quinta-Feira;3;0;0;NULL
20290713;13/07/2029;2029;7;13;Julho;6;Sexta-Feira;3;0;0;NULL
20290714;14/07/2029;2029;7;14;Julho;7;Sábado;3;1;0;NULL
20290715;15/07/2029;2029;7;15;Julho;1;Domingo;3;1;0;NULL
20290716;16/07/2029;2029;7;16;Julho;2;Segunda-Feira;3;0;0;NULL
20290717;17/07/2029;2029;7;17;Julho;3;Terça-Feira;3;0;0;NULL
20290718;18/07/2029;2029;7;18;Julho;4;Quarta-Feira;3;0;0;NULL
20290719;19/07/2029;2029;7;19;Julho;5;Quinta-Feira;3;0;0;NULL
20290720;20/07/2029;2029;7;20;Julho;6;Sexta-Feira;3;0;0;NULL
20290721;21/07/2029;2029;7;21;Julho;7;Sábado;3;1;0;NULL
20290722;22/07/2029;2029;7;22;Julho;1;Domingo;3;1;0;NULL
20290723;23/07/2029;2029;7;23;Julho;2;Segunda-Feira;3;0;0;NULL
20290724;24/07/2029;2029;7;24;Julho;3;Terça-Feira;3;0;0;NULL
20290725;25/07/2029;2029;7;25;Julho;4;Quarta-Feira;3;0;0;NULL
20290726;26/07/2029;2029;7;26;Julho;5;Quinta-Feira;3;0;0;NULL
20290727;27/07/2029;2029;7;27;Julho;6;Sexta-Feira;3;0;0;NULL
20290728;28/07/2029;2029;7;28;Julho;7;Sábado;3;1;0;NULL
20290729;29/07/2029;2029;7;29;Julho;1;Domingo;3;1;0;NULL
20290730;30/07/2029;2029;7;30;Julho;2;Segunda-Feira;3;0;0;NULL
20290731;31/07/2029;2029;7;31;Julho;3;Terça-Feira;3;0;0;NULL
20290801;01/08/2029;2029;8;1;Agosto;4;Quarta-Feira;3;0;0;NULL
20290802;02/08/2029;2029;8;2;Agosto;5;Quinta-Feira;3;0;0;NULL
20290803;03/08/2029;2029;8;3;Agosto;6;Sexta-Feira;3;0;0;NULL
20290804;04/08/2029;2029;8;4;Agosto;7;Sábado;3;1;0;NULL
20290805;05/08/2029;2029;8;5;Agosto;1;Domingo;3;1;0;NULL
20290806;06/08/2029;2029;8;6;Agosto;2;Segunda-Feira;3;0;0;NULL
20290807;07/08/2029;2029;8;7;Agosto;3;Terça-Feira;3;0;0;NULL
20290808;08/08/2029;2029;8;8;Agosto;4;Quarta-Feira;3;0;0;NULL
20290809;09/08/2029;2029;8;9;Agosto;5;Quinta-Feira;3;0;0;NULL
20290810;10/08/2029;2029;8;10;Agosto;6;Sexta-Feira;3;0;0;NULL
20290811;11/08/2029;2029;8;11;Agosto;7;Sábado;3;1;0;NULL
20290812;12/08/2029;2029;8;12;Agosto;1;Domingo;3;1;0;NULL
20290813;13/08/2029;2029;8;13;Agosto;2;Segunda-Feira;3;0;0;NULL
20290814;14/08/2029;2029;8;14;Agosto;3;Terça-Feira;3;0;0;NULL
20290815;15/08/2029;2029;8;15;Agosto;4;Quarta-Feira;3;0;0;NULL
20290816;16/08/2029;2029;8;16;Agosto;5;Quinta-Feira;3;0;0;NULL
20290817;17/08/2029;2029;8;17;Agosto;6;Sexta-Feira;3;0;0;NULL
20290818;18/08/2029;2029;8;18;Agosto;7;Sábado;3;1;0;NULL
20290819;19/08/2029;2029;8;19;Agosto;1;Domingo;3;1;0;NULL
20290820;20/08/2029;2029;8;20;Agosto;2;Segunda-Feira;3;0;0;NULL
20290821;21/08/2029;2029;8;21;Agosto;3;Terça-Feira;3;0;0;NULL
20290822;22/08/2029;2029;8;22;Agosto;4;Quarta-Feira;3;0;0;NULL
20290823;23/08/2029;2029;8;23;Agosto;5;Quinta-Feira;3;0;0;NULL
20290824;24/08/2029;2029;8;24;Agosto;6;Sexta-Feira;3;0;0;NULL
20290825;25/08/2029;2029;8;25;Agosto;7;Sábado;3;1;0;NULL
20290826;26/08/2029;2029;8;26;Agosto;1;Domingo;3;1;0;NULL
20290827;27/08/2029;2029;8;27;Agosto;2;Segunda-Feira;3;0;0;NULL
20290828;28/08/2029;2029;8;28;Agosto;3;Terça-Feira;3;0;0;NULL
20290829;29/08/2029;2029;8;29;Agosto;4;Quarta-Feira;3;0;0;NULL
20290830;30/08/2029;2029;8;30;Agosto;5;Quinta-Feira;3;0;0;NULL
20290831;31/08/2029;2029;8;31;Agosto;6;Sexta-Feira;3;0;0;NULL
20290901;01/09/2029;2029;9;1;Setembro;7;Sábado;3;1;0;NULL
20290902;02/09/2029;2029;9;2;Setembro;1;Domingo;3;1;0;NULL
20290903;03/09/2029;2029;9;3;Setembro;2;Segunda-Feira;3;0;0;NULL
20290904;04/09/2029;2029;9;4;Setembro;3;Terça-Feira;3;0;0;NULL
20290905;05/09/2029;2029;9;5;Setembro;4;Quarta-Feira;3;0;0;NULL
20290906;06/09/2029;2029;9;6;Setembro;5;Quinta-Feira;3;0;0;NULL
20290907;07/09/2029;2029;9;7;Setembro;6;Sexta-Feira;3;0;0;NULL
20290908;08/09/2029;2029;9;8;Setembro;7;Sábado;3;1;0;NULL
20290909;09/09/2029;2029;9;9;Setembro;1;Domingo;3;1;0;NULL
20290910;10/09/2029;2029;9;10;Setembro;2;Segunda-Feira;3;0;0;NULL
20290911;11/09/2029;2029;9;11;Setembro;3;Terça-Feira;3;0;0;NULL
20290912;12/09/2029;2029;9;12;Setembro;4;Quarta-Feira;3;0;0;NULL
20290913;13/09/2029;2029;9;13;Setembro;5;Quinta-Feira;3;0;0;NULL
20290914;14/09/2029;2029;9;14;Setembro;6;Sexta-Feira;3;0;0;NULL
20290915;15/09/2029;2029;9;15;Setembro;7;Sábado;3;1;0;NULL
20290916;16/09/2029;2029;9;16;Setembro;1;Domingo;3;1;0;NULL
20290917;17/09/2029;2029;9;17;Setembro;2;Segunda-Feira;3;0;0;NULL
20290918;18/09/2029;2029;9;18;Setembro;3;Terça-Feira;3;0;0;NULL
20290919;19/09/2029;2029;9;19;Setembro;4;Quarta-Feira;3;0;0;NULL
20290920;20/09/2029;2029;9;20;Setembro;5;Quinta-Feira;3;0;0;NULL
20290921;21/09/2029;2029;9;21;Setembro;6;Sexta-Feira;3;0;0;NULL
20290922;22/09/2029;2029;9;22;Setembro;7;Sábado;3;1;0;NULL
20290923;23/09/2029;2029;9;23;Setembro;1;Domingo;3;1;0;NULL
20290924;24/09/2029;2029;9;24;Setembro;2;Segunda-Feira;3;0;0;NULL
20290925;25/09/2029;2029;9;25;Setembro;3;Terça-Feira;3;0;0;NULL
20290926;26/09/2029;2029;9;26;Setembro;4;Quarta-Feira;3;0;0;NULL
20290927;27/09/2029;2029;9;27;Setembro;5;Quinta-Feira;3;0;0;NULL
20290928;28/09/2029;2029;9;28;Setembro;6;Sexta-Feira;3;0;0;NULL
20290929;29/09/2029;2029;9;29;Setembro;7;Sábado;3;1;0;NULL
20290930;30/09/2029;2029;9;30;Setembro;1;Domingo;3;1;0;NULL
20291001;01/10/2029;2029;10;1;Outubro;2;Segunda-Feira;4;0;0;NULL
20291002;02/10/2029;2029;10;2;Outubro;3;Terça-Feira;4;0;0;NULL
20291003;03/10/2029;2029;10;3;Outubro;4;Quarta-Feira;4;0;0;NULL
20291004;04/10/2029;2029;10;4;Outubro;5;Quinta-Feira;4;0;0;NULL
20291005;05/10/2029;2029;10;5;Outubro;6;Sexta-Feira;4;0;0;NULL
20291006;06/10/2029;2029;10;6;Outubro;7;Sábado;4;1;0;NULL
20291007;07/10/2029;2029;10;7;Outubro;1;Domingo;4;1;0;NULL
20291008;08/10/2029;2029;10;8;Outubro;2;Segunda-Feira;4;0;0;NULL
20291009;09/10/2029;2029;10;9;Outubro;3;Terça-Feira;4;0;0;NULL
20291010;10/10/2029;2029;10;10;Outubro;4;Quarta-Feira;4;0;0;NULL
20291011;11/10/2029;2029;10;11;Outubro;5;Quinta-Feira;4;0;0;NULL
20291012;12/10/2029;2029;10;12;Outubro;6;Sexta-Feira;4;0;0;NULL
20291013;13/10/2029;2029;10;13;Outubro;7;Sábado;4;1;0;NULL
20291014;14/10/2029;2029;10;14;Outubro;1;Domingo;4;1;0;NULL
20291015;15/10/2029;2029;10;15;Outubro;2;Segunda-Feira;4;0;0;NULL
20291016;16/10/2029;2029;10;16;Outubro;3;Terça-Feira;4;0;0;NULL
20291017;17/10/2029;2029;10;17;Outubro;4;Quarta-Feira;4;0;0;NULL
20291018;18/10/2029;2029;10;18;Outubro;5;Quinta-Feira;4;0;0;NULL
20291019;19/10/2029;2029;10;19;Outubro;6;Sexta-Feira;4;0;0;NULL
20291020;20/10/2029;2029;10;20;Outubro;7;Sábado;4;1;0;NULL
20291021;21/10/2029;2029;10;21;Outubro;1;Domingo;4;1;0;NULL
20291022;22/10/2029;2029;10;22;Outubro;2;Segunda-Feira;4;0;0;NULL
20291023;23/10/2029;2029;10;23;Outubro;3;Terça-Feira;4;0;0;NULL
20291024;24/10/2029;2029;10;24;Outubro;4;Quarta-Feira;4;0;0;NULL
20291025;25/10/2029;2029;10;25;Outubro;5;Quinta-Feira;4;0;0;NULL
20291026;26/10/2029;2029;10;26;Outubro;6;Sexta-Feira;4;0;0;NULL
20291027;27/10/2029;2029;10;27;Outubro;7;Sábado;4;1;0;NULL
20291028;28/10/2029;2029;10;28;Outubro;1;Domingo;4;1;0;NULL
20291029;29/10/2029;2029;10;29;Outubro;2;Segunda-Feira;4;0;0;NULL
20291030;30/10/2029;2029;10;30;Outubro;3;Terça-Feira;4;0;0;NULL
20291031;31/10/2029;2029;10;31;Outubro;4;Quarta-Feira;4;0;0;NULL
20291101;01/11/2029;2029;11;1;Novembro;5;Quinta-Feira;4;0;0;NULL
20291102;02/11/2029;2029;11;2;Novembro;6;Sexta-Feira;4;0;0;NULL
20291103;03/11/2029;2029;11;3;Novembro;7;Sábado;4;1;0;NULL
20291104;04/11/2029;2029;11;4;Novembro;1;Domingo;4;1;0;NULL
20291105;05/11/2029;2029;11;5;Novembro;2;Segunda-Feira;4;0;0;NULL
20291106;06/11/2029;2029;11;6;Novembro;3;Terça-Feira;4;0;0;NULL
20291107;07/11/2029;2029;11;7;Novembro;4;Quarta-Feira;4;0;0;NULL
20291108;08/11/2029;2029;11;8;Novembro;5;Quinta-Feira;4;0;0;NULL
20291109;09/11/2029;2029;11;9;Novembro;6;Sexta-Feira;4;0;0;NULL
20291110;10/11/2029;2029;11;10;Novembro;7;Sábado;4;1;0;NULL
20291111;11/11/2029;2029;11;11;Novembro;1;Domingo;4;1;0;NULL
20291112;12/11/2029;2029;11;12;Novembro;2;Segunda-Feira;4;0;0;NULL
20291113;13/11/2029;2029;11;13;Novembro;3;Terça-Feira;4;0;0;NULL
20291114;14/11/2029;2029;11;14;Novembro;4;Quarta-Feira;4;0;0;NULL
20291115;15/11/2029;2029;11;15;Novembro;5;Quinta-Feira;4;0;0;NULL
20291116;16/11/2029;2029;11;16;Novembro;6;Sexta-Feira;4;0;0;NULL
20291117;17/11/2029;2029;11;17;Novembro;7;Sábado;4;1;0;NULL
20291118;18/11/2029;2029;11;18;Novembro;1;Domingo;4;1;0;NULL
20291119;19/11/2029;2029;11;19;Novembro;2;Segunda-Feira;4;0;0;NULL
20291120;20/11/2029;2029;11;20;Novembro;3;Terça-Feira;4;0;0;NULL
20291121;21/11/2029;2029;11;21;Novembro;4;Quarta-Feira;4;0;0;NULL
20291122;22/11/2029;2029;11;22;Novembro;5;Quinta-Feira;4;0;0;NULL
20291123;23/11/2029;2029;11;23;Novembro;6;Sexta-Feira;4;0;0;NULL
20291124;24/11/2029;2029;11;24;Novembro;7;Sábado;4;1;0;NULL
20291125;25/11/2029;2029;11;25;Novembro;1;Domingo;4;1;0;NULL
20291126;26/11/2029;2029;11;26;Novembro;2;Segunda-Feira;4;0;0;NULL
20291127;27/11/2029;2029;11;27;Novembro;3;Terça-Feira;4;0;0;NULL
20291128;28/11/2029;2029;11;28;Novembro;4;Quarta-Feira;4;0;0;NULL
20291129;29/11/2029;2029;11;29;Novembro;5;Quinta-Feira;4;0;0;NULL
20291130;30/11/2029;2029;11;30;Novembro;6;Sexta-Feira;4;0;0;NULL
20291201;01/12/2029;2029;12;1;Dezembro;7;Sábado;4;1;0;NULL
20291202;02/12/2029;2029;12;2;Dezembro;1;Domingo;4;1;0;NULL
20291203;03/12/2029;2029;12;3;Dezembro;2;Segunda-Feira;4;0;0;NULL
20291204;04/12/2029;2029;12;4;Dezembro;3;Terça-Feira;4;0;0;NULL
20291205;05/12/2029;2029;12;5;Dezembro;4;Quarta-Feira;4;0;0;NULL
20291206;06/12/2029;2029;12;6;Dezembro;5;Quinta-Feira;4;0;0;NULL
20291207;07/12/2029;2029;12;7;Dezembro;6;Sexta-Feira;4;0;0;NULL
20291208;08/12/2029;2029;12;8;Dezembro;7;Sábado;4;1;0;NULL
20291209;09/12/2029;2029;12;9;Dezembro;1;Domingo;4;1;0;NULL
20291210;10/12/2029;2029;12;10;Dezembro;2;Segunda-Feira;4;0;0;NULL
20291211;11/12/2029;2029;12;11;Dezembro;3;Terça-Feira;4;0;0;NULL
20291212;12/12/2029;2029;12;12;Dezembro;4;Quarta-Feira;4;0;0;NULL
20291213;13/12/2029;2029;12;13;Dezembro;5;Quinta-Feira;4;0;0;NULL
20291214;14/12/2029;2029;12;14;Dezembro;6;Sexta-Feira;4;0;0;NULL
20291215;15/12/2029;2029;12;15;Dezembro;7;Sábado;4;1;0;NULL
20291216;16/12/2029;2029;12;16;Dezembro;1;Domingo;4;1;0;NULL
20291217;17/12/2029;2029;12;17;Dezembro;2;Segunda-Feira;4;0;0;NULL
20291218;18/12/2029;2029;12;18;Dezembro;3;Terça-Feira;4;0;0;NULL
20291219;19/12/2029;2029;12;19;Dezembro;4;Quarta-Feira;4;0;0;NULL
20291220;20/12/2029;2029;12;20;Dezembro;5;Quinta-Feira;4;0;0;NULL
20291221;21/12/2029;2029;12;21;Dezembro;6;Sexta-Feira;4;0;0;NULL
20291222;22/12/2029;2029;12;22;Dezembro;7;Sábado;4;1;0;NULL
20291223;23/12/2029;2029;12;23;Dezembro;1;Domingo;4;1;0;NULL
20291224;24/12/2029;2029;12;24;Dezembro;2;Segunda-Feira;4;0;0;NULL
20291225;25/12/2029;2029;12;25;Dezembro;3;Terça-Feira;4;0;0;NULL
20291226;26/12/2029;2029;12;26;Dezembro;4;Quarta-Feira;4;0;0;NULL
20291227;27/12/2029;2029;12;27;Dezembro;5;Quinta-Feira;4;0;0;NULL
20291228;28/12/2029;2029;12;28;Dezembro;6;Sexta-Feira;4;0;0;NULL
20291229;29/12/2029;2029;12;29;Dezembro;7;Sábado;4;1;0;NULL
20291230;30/12/2029;2029;12;30;Dezembro;1;Domingo;4;1;0;NULL
20291231;31/12/2029;2029;12;31;Dezembro;2;Segunda-Feira;4;0;0;NULL
20300101;01/01/2030;2030;1;1;Janeiro;3;Terça-Feira;1;0;0;NULL
20300102;02/01/2030;2030;1;2;Janeiro;4;Quarta-Feira;1;0;0;NULL
20300103;03/01/2030;2030;1;3;Janeiro;5;Quinta-Feira;1;0;0;NULL
20300104;04/01/2030;2030;1;4;Janeiro;6;Sexta-Feira;1;0;0;NULL
20300105;05/01/2030;2030;1;5;Janeiro;7;Sábado;1;1;0;NULL
20300106;06/01/2030;2030;1;6;Janeiro;1;Domingo;1;1;0;NULL
20300107;07/01/2030;2030;1;7;Janeiro;2;Segunda-Feira;1;0;0;NULL
20300108;08/01/2030;2030;1;8;Janeiro;3;Terça-Feira;1;0;0;NULL
20300109;09/01/2030;2030;1;9;Janeiro;4;Quarta-Feira;1;0;0;NULL
20300110;10/01/2030;2030;1;10;Janeiro;5;Quinta-Feira;1;0;0;NULL
20300111;11/01/2030;2030;1;11;Janeiro;6;Sexta-Feira;1;0;0;NULL
20300112;12/01/2030;2030;1;12;Janeiro;7;Sábado;1;1;0;NULL
20300113;13/01/2030;2030;1;13;Janeiro;1;Domingo;1;1;0;NULL
20300114;14/01/2030;2030;1;14;Janeiro;2;Segunda-Feira;1;0;0;NULL
20300115;15/01/2030;2030;1;15;Janeiro;3;Terça-Feira;1;0;0;NULL
20300116;16/01/2030;2030;1;16;Janeiro;4;Quarta-Feira;1;0;0;NULL
20300117;17/01/2030;2030;1;17;Janeiro;5;Quinta-Feira;1;0;0;NULL
20300118;18/01/2030;2030;1;18;Janeiro;6;Sexta-Feira;1;0;0;NULL
20300119;19/01/2030;2030;1;19;Janeiro;7;Sábado;1;1;0;NULL
20300120;20/01/2030;2030;1;20;Janeiro;1;Domingo;1;1;0;NULL
20300121;21/01/2030;2030;1;21;Janeiro;2;Segunda-Feira;1;0;0;NULL
20300122;22/01/2030;2030;1;22;Janeiro;3;Terça-Feira;1;0;0;NULL
20300123;23/01/2030;2030;1;23;Janeiro;4;Quarta-Feira;1;0;0;NULL
20300124;24/01/2030;2030;1;24;Janeiro;5;Quinta-Feira;1;0;0;NULL
20300125;25/01/2030;2030;1;25;Janeiro;6;Sexta-Feira;1;0;0;NULL
20300126;26/01/2030;2030;1;26;Janeiro;7;Sábado;1;1;0;NULL
20300127;27/01/2030;2030;1;27;Janeiro;1;Domingo;1;1;0;NULL
20300128;28/01/2030;2030;1;28;Janeiro;2;Segunda-Feira;1;0;0;NULL
20300129;29/01/2030;2030;1;29;Janeiro;3;Terça-Feira;1;0;0;NULL
20300130;30/01/2030;2030;1;30;Janeiro;4;Quarta-Feira;1;0;0;NULL
20300131;31/01/2030;2030;1;31;Janeiro;5;Quinta-Feira;1;0;0;NULL
20300201;01/02/2030;2030;2;1;Fevereiro;6;Sexta-Feira;1;0;0;NULL
20300202;02/02/2030;2030;2;2;Fevereiro;7;Sábado;1;1;0;NULL
20300203;03/02/2030;2030;2;3;Fevereiro;1;Domingo;1;1;0;NULL
20300204;04/02/2030;2030;2;4;Fevereiro;2;Segunda-Feira;1;0;0;NULL
20300205;05/02/2030;2030;2;5;Fevereiro;3;Terça-Feira;1;0;0;NULL
20300206;06/02/2030;2030;2;6;Fevereiro;4;Quarta-Feira;1;0;0;NULL
20300207;07/02/2030;2030;2;7;Fevereiro;5;Quinta-Feira;1;0;0;NULL
20300208;08/02/2030;2030;2;8;Fevereiro;6;Sexta-Feira;1;0;0;NULL
20300209;09/02/2030;2030;2;9;Fevereiro;7;Sábado;1;1;0;NULL
20300210;10/02/2030;2030;2;10;Fevereiro;1;Domingo;1;1;0;NULL
20300211;11/02/2030;2030;2;11;Fevereiro;2;Segunda-Feira;1;0;0;NULL
20300212;12/02/2030;2030;2;12;Fevereiro;3;Terça-Feira;1;0;0;NULL
20300213;13/02/2030;2030;2;13;Fevereiro;4;Quarta-Feira;1;0;0;NULL
20300214;14/02/2030;2030;2;14;Fevereiro;5;Quinta-Feira;1;0;0;NULL
20300215;15/02/2030;2030;2;15;Fevereiro;6;Sexta-Feira;1;0;0;NULL
20300216;16/02/2030;2030;2;16;Fevereiro;7;Sábado;1;1;0;NULL
20300217;17/02/2030;2030;2;17;Fevereiro;1;Domingo;1;1;0;NULL
20300218;18/02/2030;2030;2;18;Fevereiro;2;Segunda-Feira;1;0;0;NULL
20300219;19/02/2030;2030;2;19;Fevereiro;3;Terça-Feira;1;0;0;NULL
20300220;20/02/2030;2030;2;20;Fevereiro;4;Quarta-Feira;1;0;0;NULL
20300221;21/02/2030;2030;2;21;Fevereiro;5;Quinta-Feira;1;0;0;NULL
20300222;22/02/2030;2030;2;22;Fevereiro;6;Sexta-Feira;1;0;0;NULL
20300223;23/02/2030;2030;2;23;Fevereiro;7;Sábado;1;1;0;NULL
20300224;24/02/2030;2030;2;24;Fevereiro;1;Domingo;1;1;0;NULL
20300225;25/02/2030;2030;2;25;Fevereiro;2;Segunda-Feira;1;0;0;NULL
20300226;26/02/2030;2030;2;26;Fevereiro;3;Terça-Feira;1;0;0;NULL
20300227;27/02/2030;2030;2;27;Fevereiro;4;Quarta-Feira;1;0;0;NULL
20300228;28/02/2030;2030;2;28;Fevereiro;5;Quinta-Feira;1;0;0;NULL
20300301;01/03/2030;2030;3;1;Março;6;Sexta-Feira;1;0;0;NULL
20300302;02/03/2030;2030;3;2;Março;7;Sábado;1;1;0;NULL
20300303;03/03/2030;2030;3;3;Março;1;Domingo;1;1;0;NULL
20300304;04/03/2030;2030;3;4;Março;2;Segunda-Feira;1;0;0;NULL
20300305;05/03/2030;2030;3;5;Março;3;Terça-Feira;1;0;0;NULL
20300306;06/03/2030;2030;3;6;Março;4;Quarta-Feira;1;0;0;NULL
20300307;07/03/2030;2030;3;7;Março;5;Quinta-Feira;1;0;0;NULL
20300308;08/03/2030;2030;3;8;Março;6;Sexta-Feira;1;0;0;NULL
20300309;09/03/2030;2030;3;9;Março;7;Sábado;1;1;0;NULL
20300310;10/03/2030;2030;3;10;Março;1;Domingo;1;1;0;NULL
20300311;11/03/2030;2030;3;11;Março;2;Segunda-Feira;1;0;0;NULL
20300312;12/03/2030;2030;3;12;Março;3;Terça-Feira;1;0;0;NULL
20300313;13/03/2030;2030;3;13;Março;4;Quarta-Feira;1;0;0;NULL
20300314;14/03/2030;2030;3;14;Março;5;Quinta-Feira;1;0;0;NULL
20300315;15/03/2030;2030;3;15;Março;6;Sexta-Feira;1;0;0;NULL
20300316;16/03/2030;2030;3;16;Março;7;Sábado;1;1;0;NULL
20300317;17/03/2030;2030;3;17;Março;1;Domingo;1;1;0;NULL
20300318;18/03/2030;2030;3;18;Março;2;Segunda-Feira;1;0;0;NULL
20300319;19/03/2030;2030;3;19;Março;3;Terça-Feira;1;0;0;NULL
20300320;20/03/2030;2030;3;20;Março;4;Quarta-Feira;1;0;0;NULL
20300321;21/03/2030;2030;3;21;Março;5;Quinta-Feira;1;0;0;NULL
20300322;22/03/2030;2030;3;22;Março;6;Sexta-Feira;1;0;0;NULL
20300323;23/03/2030;2030;3;23;Março;7;Sábado;1;1;0;NULL
20300324;24/03/2030;2030;3;24;Março;1;Domingo;1;1;0;NULL
20300325;25/03/2030;2030;3;25;Março;2;Segunda-Feira;1;0;0;NULL
20300326;26/03/2030;2030;3;26;Março;3;Terça-Feira;1;0;0;NULL
20300327;27/03/2030;2030;3;27;Março;4;Quarta-Feira;1;0;0;NULL
20300328;28/03/2030;2030;3;28;Março;5;Quinta-Feira;1;0;0;NULL
20300329;29/03/2030;2030;3;29;Março;6;Sexta-Feira;1;0;0;NULL
20300330;30/03/2030;2030;3;30;Março;7;Sábado;1;1;0;NULL
20300331;31/03/2030;2030;3;31;Março;1;Domingo;1;1;0;NULL
20300401;01/04/2030;2030;4;1;Abril;2;Segunda-Feira;2;0;0;NULL
20300402;02/04/2030;2030;4;2;Abril;3;Terça-Feira;2;0;0;NULL
20300403;03/04/2030;2030;4;3;Abril;4;Quarta-Feira;2;0;0;NULL
20300404;04/04/2030;2030;4;4;Abril;5;Quinta-Feira;2;0;0;NULL
20300405;05/04/2030;2030;4;5;Abril;6;Sexta-Feira;2;0;0;NULL
20300406;06/04/2030;2030;4;6;Abril;7;Sábado;2;1;0;NULL
20300407;07/04/2030;2030;4;7;Abril;1;Domingo;2;1;0;NULL
20300408;08/04/2030;2030;4;8;Abril;2;Segunda-Feira;2;0;0;NULL
20300409;09/04/2030;2030;4;9;Abril;3;Terça-Feira;2;0;0;NULL
20300410;10/04/2030;2030;4;10;Abril;4;Quarta-Feira;2;0;0;NULL
20300411;11/04/2030;2030;4;11;Abril;5;Quinta-Feira;2;0;0;NULL
20300412;12/04/2030;2030;4;12;Abril;6;Sexta-Feira;2;0;0;NULL
20300413;13/04/2030;2030;4;13;Abril;7;Sábado;2;1;0;NULL
20300414;14/04/2030;2030;4;14;Abril;1;Domingo;2;1;0;NULL
20300415;15/04/2030;2030;4;15;Abril;2;Segunda-Feira;2;0;0;NULL
20300416;16/04/2030;2030;4;16;Abril;3;Terça-Feira;2;0;0;NULL
20300417;17/04/2030;2030;4;17;Abril;4;Quarta-Feira;2;0;0;NULL
20300418;18/04/2030;2030;4;18;Abril;5;Quinta-Feira;2;0;0;NULL
20300419;19/04/2030;2030;4;19;Abril;6;Sexta-Feira;2;0;0;NULL
20300420;20/04/2030;2030;4;20;Abril;7;Sábado;2;1;0;NULL
20300421;21/04/2030;2030;4;21;Abril;1;Domingo;2;1;0;NULL
20300422;22/04/2030;2030;4;22;Abril;2;Segunda-Feira;2;0;0;NULL
20300423;23/04/2030;2030;4;23;Abril;3;Terça-Feira;2;0;0;NULL
20300424;24/04/2030;2030;4;24;Abril;4;Quarta-Feira;2;0;0;NULL
20300425;25/04/2030;2030;4;25;Abril;5;Quinta-Feira;2;0;0;NULL
20300426;26/04/2030;2030;4;26;Abril;6;Sexta-Feira;2;0;0;NULL
20300427;27/04/2030;2030;4;27;Abril;7;Sábado;2;1;0;NULL
20300428;28/04/2030;2030;4;28;Abril;1;Domingo;2;1;0;NULL
20300429;29/04/2030;2030;4;29;Abril;2;Segunda-Feira;2;0;0;NULL
20300430;30/04/2030;2030;4;30;Abril;3;Terça-Feira;2;0;0;NULL
20300501;01/05/2030;2030;5;1;Maio;4;Quarta-Feira;2;0;0;NULL
20300502;02/05/2030;2030;5;2;Maio;5;Quinta-Feira;2;0;0;NULL
20300503;03/05/2030;2030;5;3;Maio;6;Sexta-Feira;2;0;0;NULL
20300504;04/05/2030;2030;5;4;Maio;7;Sábado;2;1;0;NULL
20300505;05/05/2030;2030;5;5;Maio;1;Domingo;2;1;0;NULL
20300506;06/05/2030;2030;5;6;Maio;2;Segunda-Feira;2;0;0;NULL
20300507;07/05/2030;2030;5;7;Maio;3;Terça-Feira;2;0;0;NULL
20300508;08/05/2030;2030;5;8;Maio;4;Quarta-Feira;2;0;0;NULL
20300509;09/05/2030;2030;5;9;Maio;5;Quinta-Feira;2;0;0;NULL
20300510;10/05/2030;2030;5;10;Maio;6;Sexta-Feira;2;0;0;NULL
20300511;11/05/2030;2030;5;11;Maio;7;Sábado;2;1;0;NULL
20300512;12/05/2030;2030;5;12;Maio;1;Domingo;2;1;0;NULL
20300513;13/05/2030;2030;5;13;Maio;2;Segunda-Feira;2;0;0;NULL
20300514;14/05/2030;2030;5;14;Maio;3;Terça-Feira;2;0;0;NULL
20300515;15/05/2030;2030;5;15;Maio;4;Quarta-Feira;2;0;0;NULL
20300516;16/05/2030;2030;5;16;Maio;5;Quinta-Feira;2;0;0;NULL
20300517;17/05/2030;2030;5;17;Maio;6;Sexta-Feira;2;0;0;NULL
20300518;18/05/2030;2030;5;18;Maio;7;Sábado;2;1;0;NULL
20300519;19/05/2030;2030;5;19;Maio;1;Domingo;2;1;0;NULL
20300520;20/05/2030;2030;5;20;Maio;2;Segunda-Feira;2;0;0;NULL
20300521;21/05/2030;2030;5;21;Maio;3;Terça-Feira;2;0;0;NULL
20300522;22/05/2030;2030;5;22;Maio;4;Quarta-Feira;2;0;0;NULL
20300523;23/05/2030;2030;5;23;Maio;5;Quinta-Feira;2;0;0;NULL
20300524;24/05/2030;2030;5;24;Maio;6;Sexta-Feira;2;0;0;NULL
20300525;25/05/2030;2030;5;25;Maio;7;Sábado;2;1;0;NULL
20300526;26/05/2030;2030;5;26;Maio;1;Domingo;2;1;0;NULL
20300527;27/05/2030;2030;5;27;Maio;2;Segunda-Feira;2;0;0;NULL
20300528;28/05/2030;2030;5;28;Maio;3;Terça-Feira;2;0;0;NULL
20300529;29/05/2030;2030;5;29;Maio;4;Quarta-Feira;2;0;0;NULL
20300530;30/05/2030;2030;5;30;Maio;5;Quinta-Feira;2;0;0;NULL
20300531;31/05/2030;2030;5;31;Maio;6;Sexta-Feira;2;0;0;NULL
20300601;01/06/2030;2030;6;1;Junho;7;Sábado;2;1;0;NULL
20300602;02/06/2030;2030;6;2;Junho;1;Domingo;2;1;0;NULL
20300603;03/06/2030;2030;6;3;Junho;2;Segunda-Feira;2;0;0;NULL
20300604;04/06/2030;2030;6;4;Junho;3;Terça-Feira;2;0;0;NULL
20300605;05/06/2030;2030;6;5;Junho;4;Quarta-Feira;2;0;0;NULL
20300606;06/06/2030;2030;6;6;Junho;5;Quinta-Feira;2;0;0;NULL
20300607;07/06/2030;2030;6;7;Junho;6;Sexta-Feira;2;0;0;NULL
20300608;08/06/2030;2030;6;8;Junho;7;Sábado;2;1;0;NULL
20300609;09/06/2030;2030;6;9;Junho;1;Domingo;2;1;0;NULL
20300610;10/06/2030;2030;6;10;Junho;2;Segunda-Feira;2;0;0;NULL
20300611;11/06/2030;2030;6;11;Junho;3;Terça-Feira;2;0;0;NULL
20300612;12/06/2030;2030;6;12;Junho;4;Quarta-Feira;2;0;0;NULL
20300613;13/06/2030;2030;6;13;Junho;5;Quinta-Feira;2;0;0;NULL
20300614;14/06/2030;2030;6;14;Junho;6;Sexta-Feira;2;0;0;NULL
20300615;15/06/2030;2030;6;15;Junho;7;Sábado;2;1;0;NULL
20300616;16/06/2030;2030;6;16;Junho;1;Domingo;2;1;0;NULL
20300617;17/06/2030;2030;6;17;Junho;2;Segunda-Feira;2;0;0;NULL
20300618;18/06/2030;2030;6;18;Junho;3;Terça-Feira;2;0;0;NULL
20300619;19/06/2030;2030;6;19;Junho;4;Quarta-Feira;2;0;0;NULL
20300620;20/06/2030;2030;6;20;Junho;5;Quinta-Feira;2;0;0;NULL
20300621;21/06/2030;2030;6;21;Junho;6;Sexta-Feira;2;0;0;NULL
20300622;22/06/2030;2030;6;22;Junho;7;Sábado;2;1;0;NULL
20300623;23/06/2030;2030;6;23;Junho;1;Domingo;2;1;0;NULL
20300624;24/06/2030;2030;6;24;Junho;2;Segunda-Feira;2;0;0;NULL
20300625;25/06/2030;2030;6;25;Junho;3;Terça-Feira;2;0;0;NULL
20300626;26/06/2030;2030;6;26;Junho;4;Quarta-Feira;2;0;0;NULL
20300627;27/06/2030;2030;6;27;Junho;5;Quinta-Feira;2;0;0;NULL
20300628;28/06/2030;2030;6;28;Junho;6;Sexta-Feira;2;0;0;NULL
20300629;29/06/2030;2030;6;29;Junho;7;Sábado;2;1;0;NULL
20300630;30/06/2030;2030;6;30;Junho;1;Domingo;2;1;0;NULL
20300701;01/07/2030;2030;7;1;Julho;2;Segunda-Feira;3;0;0;NULL
20300702;02/07/2030;2030;7;2;Julho;3;Terça-Feira;3;0;0;NULL
20300703;03/07/2030;2030;7;3;Julho;4;Quarta-Feira;3;0;0;NULL
20300704;04/07/2030;2030;7;4;Julho;5;Quinta-Feira;3;0;0;NULL
20300705;05/07/2030;2030;7;5;Julho;6;Sexta-Feira;3;0;0;NULL
20300706;06/07/2030;2030;7;6;Julho;7;Sábado;3;1;0;NULL
20300707;07/07/2030;2030;7;7;Julho;1;Domingo;3;1;0;NULL
20300708;08/07/2030;2030;7;8;Julho;2;Segunda-Feira;3;0;0;NULL
20300709;09/07/2030;2030;7;9;Julho;3;Terça-Feira;3;0;0;NULL
20300710;10/07/2030;2030;7;10;Julho;4;Quarta-Feira;3;0;0;NULL
20300711;11/07/2030;2030;7;11;Julho;5;Quinta-Feira;3;0;0;NULL
20300712;12/07/2030;2030;7;12;Julho;6;Sexta-Feira;3;0;0;NULL
20300713;13/07/2030;2030;7;13;Julho;7;Sábado;3;1;0;NULL
20300714;14/07/2030;2030;7;14;Julho;1;Domingo;3;1;0;NULL
20300715;15/07/2030;2030;7;15;Julho;2;Segunda-Feira;3;0;0;NULL
20300716;16/07/2030;2030;7;16;Julho;3;Terça-Feira;3;0;0;NULL
20300717;17/07/2030;2030;7;17;Julho;4;Quarta-Feira;3;0;0;NULL
20300718;18/07/2030;2030;7;18;Julho;5;Quinta-Feira;3;0;0;NULL
20300719;19/07/2030;2030;7;19;Julho;6;Sexta-Feira;3;0;0;NULL
20300720;20/07/2030;2030;7;20;Julho;7;Sábado;3;1;0;NULL
20300721;21/07/2030;2030;7;21;Julho;1;Domingo;3;1;0;NULL
20300722;22/07/2030;2030;7;22;Julho;2;Segunda-Feira;3;0;0;NULL
20300723;23/07/2030;2030;7;23;Julho;3;Terça-Feira;3;0;0;NULL
20300724;24/07/2030;2030;7;24;Julho;4;Quarta-Feira;3;0;0;NULL
20300725;25/07/2030;2030;7;25;Julho;5;Quinta-Feira;3;0;0;NULL
20300726;26/07/2030;2030;7;26;Julho;6;Sexta-Feira;3;0;0;NULL
20300727;27/07/2030;2030;7;27;Julho;7;Sábado;3;1;0;NULL
20300728;28/07/2030;2030;7;28;Julho;1;Domingo;3;1;0;NULL
20300729;29/07/2030;2030;7;29;Julho;2;Segunda-Feira;3;0;0;NULL
20300730;30/07/2030;2030;7;30;Julho;3;Terça-Feira;3;0;0;NULL
20300731;31/07/2030;2030;7;31;Julho;4;Quarta-Feira;3;0;0;NULL
20300801;01/08/2030;2030;8;1;Agosto;5;Quinta-Feira;3;0;0;NULL
20300802;02/08/2030;2030;8;2;Agosto;6;Sexta-Feira;3;0;0;NULL
20300803;03/08/2030;2030;8;3;Agosto;7;Sábado;3;1;0;NULL
20300804;04/08/2030;2030;8;4;Agosto;1;Domingo;3;1;0;NULL
20300805;05/08/2030;2030;8;5;Agosto;2;Segunda-Feira;3;0;0;NULL
20300806;06/08/2030;2030;8;6;Agosto;3;Terça-Feira;3;0;0;NULL
20300807;07/08/2030;2030;8;7;Agosto;4;Quarta-Feira;3;0;0;NULL
20300808;08/08/2030;2030;8;8;Agosto;5;Quinta-Feira;3;0;0;NULL
20300809;09/08/2030;2030;8;9;Agosto;6;Sexta-Feira;3;0;0;NULL
20300810;10/08/2030;2030;8;10;Agosto;7;Sábado;3;1;0;NULL
20300811;11/08/2030;2030;8;11;Agosto;1;Domingo;3;1;0;NULL
20300812;12/08/2030;2030;8;12;Agosto;2;Segunda-Feira;3;0;0;NULL
20300813;13/08/2030;2030;8;13;Agosto;3;Terça-Feira;3;0;0;NULL
20300814;14/08/2030;2030;8;14;Agosto;4;Quarta-Feira;3;0;0;NULL
20300815;15/08/2030;2030;8;15;Agosto;5;Quinta-Feira;3;0;0;NULL
20300816;16/08/2030;2030;8;16;Agosto;6;Sexta-Feira;3;0;0;NULL
20300817;17/08/2030;2030;8;17;Agosto;7;Sábado;3;1;0;NULL
20300818;18/08/2030;2030;8;18;Agosto;1;Domingo;3;1;0;NULL
20300819;19/08/2030;2030;8;19;Agosto;2;Segunda-Feira;3;0;0;NULL
20300820;20/08/2030;2030;8;20;Agosto;3;Terça-Feira;3;0;0;NULL
20300821;21/08/2030;2030;8;21;Agosto;4;Quarta-Feira;3;0;0;NULL
20300822;22/08/2030;2030;8;22;Agosto;5;Quinta-Feira;3;0;0;NULL
20300823;23/08/2030;2030;8;23;Agosto;6;Sexta-Feira;3;0;0;NULL
20300824;24/08/2030;2030;8;24;Agosto;7;Sábado;3;1;0;NULL
20300825;25/08/2030;2030;8;25;Agosto;1;Domingo;3;1;0;NULL
20300826;26/08/2030;2030;8;26;Agosto;2;Segunda-Feira;3;0;0;NULL
20300827;27/08/2030;2030;8;27;Agosto;3;Terça-Feira;3;0;0;NULL
20300828;28/08/2030;2030;8;28;Agosto;4;Quarta-Feira;3;0;0;NULL
20300829;29/08/2030;2030;8;29;Agosto;5;Quinta-Feira;3;0;0;NULL
20300830;30/08/2030;2030;8;30;Agosto;6;Sexta-Feira;3;0;0;NULL
20300831;31/08/2030;2030;8;31;Agosto;7;Sábado;3;1;0;NULL
20300901;01/09/2030;2030;9;1;Setembro;1;Domingo;3;1;0;NULL
20300902;02/09/2030;2030;9;2;Setembro;2;Segunda-Feira;3;0;0;NULL
20300903;03/09/2030;2030;9;3;Setembro;3;Terça-Feira;3;0;0;NULL
20300904;04/09/2030;2030;9;4;Setembro;4;Quarta-Feira;3;0;0;NULL
20300905;05/09/2030;2030;9;5;Setembro;5;Quinta-Feira;3;0;0;NULL
20300906;06/09/2030;2030;9;6;Setembro;6;Sexta-Feira;3;0;0;NULL
20300907;07/09/2030;2030;9;7;Setembro;7;Sábado;3;1;0;NULL
20300908;08/09/2030;2030;9;8;Setembro;1;Domingo;3;1;0;NULL
20300909;09/09/2030;2030;9;9;Setembro;2;Segunda-Feira;3;0;0;NULL
20300910;10/09/2030;2030;9;10;Setembro;3;Terça-Feira;3;0;0;NULL
20300911;11/09/2030;2030;9;11;Setembro;4;Quarta-Feira;3;0;0;NULL
20300912;12/09/2030;2030;9;12;Setembro;5;Quinta-Feira;3;0;0;NULL
20300913;13/09/2030;2030;9;13;Setembro;6;Sexta-Feira;3;0;0;NULL
20300914;14/09/2030;2030;9;14;Setembro;7;Sábado;3;1;0;NULL
20300915;15/09/2030;2030;9;15;Setembro;1;Domingo;3;1;0;NULL
20300916;16/09/2030;2030;9;16;Setembro;2;Segunda-Feira;3;0;0;NULL
20300917;17/09/2030;2030;9;17;Setembro;3;Terça-Feira;3;0;0;NULL
20300918;18/09/2030;2030;9;18;Setembro;4;Quarta-Feira;3;0;0;NULL
20300919;19/09/2030;2030;9;19;Setembro;5;Quinta-Feira;3;0;0;NULL
20300920;20/09/2030;2030;9;20;Setembro;6;Sexta-Feira;3;0;0;NULL
20300921;21/09/2030;2030;9;21;Setembro;7;Sábado;3;1;0;NULL
20300922;22/09/2030;2030;9;22;Setembro;1;Domingo;3;1;0;NULL
20300923;23/09/2030;2030;9;23;Setembro;2;Segunda-Feira;3;0;0;NULL
20300924;24/09/2030;2030;9;24;Setembro;3;Terça-Feira;3;0;0;NULL
20300925;25/09/2030;2030;9;25;Setembro;4;Quarta-Feira;3;0;0;NULL
20300926;26/09/2030;2030;9;26;Setembro;5;Quinta-Feira;3;0;0;NULL
20300927;27/09/2030;2030;9;27;Setembro;6;Sexta-Feira;3;0;0;NULL
20300928;28/09/2030;2030;9;28;Setembro;7;Sábado;3;1;0;NULL
20300929;29/09/2030;2030;9;29;Setembro;1;Domingo;3;1;0;NULL
20300930;30/09/2030;2030;9;30;Setembro;2;Segunda-Feira;3;0;0;NULL
20301001;01/10/2030;2030;10;1;Outubro;3;Terça-Feira;4;0;0;NULL
20301002;02/10/2030;2030;10;2;Outubro;4;Quarta-Feira;4;0;0;NULL
20301003;03/10/2030;2030;10;3;Outubro;5;Quinta-Feira;4;0;0;NULL
20301004;04/10/2030;2030;10;4;Outubro;6;Sexta-Feira;4;0;0;NULL
20301005;05/10/2030;2030;10;5;Outubro;7;Sábado;4;1;0;NULL
20301006;06/10/2030;2030;10;6;Outubro;1;Domingo;4;1;0;NULL
20301007;07/10/2030;2030;10;7;Outubro;2;Segunda-Feira;4;0;0;NULL
20301008;08/10/2030;2030;10;8;Outubro;3;Terça-Feira;4;0;0;NULL
20301009;09/10/2030;2030;10;9;Outubro;4;Quarta-Feira;4;0;0;NULL
20301010;10/10/2030;2030;10;10;Outubro;5;Quinta-Feira;4;0;0;NULL
20301011;11/10/2030;2030;10;11;Outubro;6;Sexta-Feira;4;0;0;NULL
20301012;12/10/2030;2030;10;12;Outubro;7;Sábado;4;1;0;NULL
20301013;13/10/2030;2030;10;13;Outubro;1;Domingo;4;1;0;NULL
20301014;14/10/2030;2030;10;14;Outubro;2;Segunda-Feira;4;0;0;NULL
20301015;15/10/2030;2030;10;15;Outubro;3;Terça-Feira;4;0;0;NULL
20301016;16/10/2030;2030;10;16;Outubro;4;Quarta-Feira;4;0;0;NULL
20301017;17/10/2030;2030;10;17;Outubro;5;Quinta-Feira;4;0;0;NULL
20301018;18/10/2030;2030;10;18;Outubro;6;Sexta-Feira;4;0;0;NULL
20301019;19/10/2030;2030;10;19;Outubro;7;Sábado;4;1;0;NULL
20301020;20/10/2030;2030;10;20;Outubro;1;Domingo;4;1;0;NULL
20301021;21/10/2030;2030;10;21;Outubro;2;Segunda-Feira;4;0;0;NULL
20301022;22/10/2030;2030;10;22;Outubro;3;Terça-Feira;4;0;0;NULL
20301023;23/10/2030;2030;10;23;Outubro;4;Quarta-Feira;4;0;0;NULL
20301024;24/10/2030;2030;10;24;Outubro;5;Quinta-Feira;4;0;0;NULL
20301025;25/10/2030;2030;10;25;Outubro;6;Sexta-Feira;4;0;0;NULL
20301026;26/10/2030;2030;10;26;Outubro;7;Sábado;4;1;0;NULL
20301027;27/10/2030;2030;10;27;Outubro;1;Domingo;4;1;0;NULL
20301028;28/10/2030;2030;10;28;Outubro;2;Segunda-Feira;4;0;0;NULL
20301029;29/10/2030;2030;10;29;Outubro;3;Terça-Feira;4;0;0;NULL
20301030;30/10/2030;2030;10;30;Outubro;4;Quarta-Feira;4;0;0;NULL
20301031;31/10/2030;2030;10;31;Outubro;5;Quinta-Feira;4;0;0;NULL
20301101;01/11/2030;2030;11;1;Novembro;6;Sexta-Feira;4;0;0;NULL
20301102;02/11/2030;2030;11;2;Novembro;7;Sábado;4;1;0;NULL
20301103;03/11/2030;2030;11;3;Novembro;1;Domingo;4;1;0;NULL
20301104;04/11/2030;2030;11;4;Novembro;2;Segunda-Feira;4;0;0;NULL
20301105;05/11/2030;2030;11;5;Novembro;3;Terça-Feira;4;0;0;NULL
20301106;06/11/2030;2030;11;6;Novembro;4;Quarta-Feira;4;0;0;NULL
20301107;07/11/2030;2030;11;7;Novembro;5;Quinta-Feira;4;0;0;NULL
20301108;08/11/2030;2030;11;8;Novembro;6;Sexta-Feira;4;0;0;NULL
20301109;09/11/2030;2030;11;9;Novembro;7;Sábado;4;1;0;NULL
20301110;10/11/2030;2030;11;10;Novembro;1;Domingo;4;1;0;NULL
20301111;11/11/2030;2030;11;11;Novembro;2;Segunda-Feira;4;0;0;NULL
20301112;12/11/2030;2030;11;12;Novembro;3;Terça-Feira;4;0;0;NULL
20301113;13/11/2030;2030;11;13;Novembro;4;Quarta-Feira;4;0;0;NULL
20301114;14/11/2030;2030;11;14;Novembro;5;Quinta-Feira;4;0;0;NULL
20301115;15/11/2030;2030;11;15;Novembro;6;Sexta-Feira;4;0;0;NULL
20301116;16/11/2030;2030;11;16;Novembro;7;Sábado;4;1;0;NULL
20301117;17/11/2030;2030;11;17;Novembro;1;Domingo;4;1;0;NULL
20301118;18/11/2030;2030;11;18;Novembro;2;Segunda-Feira;4;0;0;NULL
20301119;19/11/2030;2030;11;19;Novembro;3;Terça-Feira;4;0;0;NULL
20301120;20/11/2030;2030;11;20;Novembro;4;Quarta-Feira;4;0;0;NULL
20301121;21/11/2030;2030;11;21;Novembro;5;Quinta-Feira;4;0;0;NULL
20301122;22/11/2030;2030;11;22;Novembro;6;Sexta-Feira;4;0;0;NULL
20301123;23/11/2030;2030;11;23;Novembro;7;Sábado;4;1;0;NULL
20301124;24/11/2030;2030;11;24;Novembro;1;Domingo;4;1;0;NULL
20301125;25/11/2030;2030;11;25;Novembro;2;Segunda-Feira;4;0;0;NULL
20301126;26/11/2030;2030;11;26;Novembro;3;Terça-Feira;4;0;0;NULL
20301127;27/11/2030;2030;11;27;Novembro;4;Quarta-Feira;4;0;0;NULL
20301128;28/11/2030;2030;11;28;Novembro;5;Quinta-Feira;4;0;0;NULL
20301129;29/11/2030;2030;11;29;Novembro;6;Sexta-Feira;4;0;0;NULL
20301130;30/11/2030;2030;11;30;Novembro;7;Sábado;4;1;0;NULL
20301201;01/12/2030;2030;12;1;Dezembro;1;Domingo;4;1;0;NULL
20301202;02/12/2030;2030;12;2;Dezembro;2;Segunda-Feira;4;0;0;NULL
20301203;03/12/2030;2030;12;3;Dezembro;3;Terça-Feira;4;0;0;NULL
20301204;04/12/2030;2030;12;4;Dezembro;4;Quarta-Feira;4;0;0;NULL
20301205;05/12/2030;2030;12;5;Dezembro;5;Quinta-Feira;4;0;0;NULL
20301206;06/12/2030;2030;12;6;Dezembro;6;Sexta-Feira;4;0;0;NULL
20301207;07/12/2030;2030;12;7;Dezembro;7;Sábado;4;1;0;NULL
20301208;08/12/2030;2030;12;8;Dezembro;1;Domingo;4;1;0;NULL
20301209;09/12/2030;2030;12;9;Dezembro;2;Segunda-Feira;4;0;0;NULL
20301210;10/12/2030;2030;12;10;Dezembro;3;Terça-Feira;4;0;0;NULL
20301211;11/12/2030;2030;12;11;Dezembro;4;Quarta-Feira;4;0;0;NULL
20301212;12/12/2030;2030;12;12;Dezembro;5;Quinta-Feira;4;0;0;NULL
20301213;13/12/2030;2030;12;13;Dezembro;6;Sexta-Feira;4;0;0;NULL
20301214;14/12/2030;2030;12;14;Dezembro;7;Sábado;4;1;0;NULL
20301215;15/12/2030;2030;12;15;Dezembro;1;Domingo;4;1;0;NULL
20301216;16/12/2030;2030;12;16;Dezembro;2;Segunda-Feira;4;0;0;NULL
20301217;17/12/2030;2030;12;17;Dezembro;3;Terça-Feira;4;0;0;NULL
20301218;18/12/2030;2030;12;18;Dezembro;4;Quarta-Feira;4;0;0;NULL
20301219;19/12/2030;2030;12;19;Dezembro;5;Quinta-Feira;4;0;0;NULL
20301220;20/12/2030;2030;12;20;Dezembro;6;Sexta-Feira;4;0;0;NULL
20301221;21/12/2030;2030;12;21;Dezembro;7;Sábado;4;1;0;NULL
20301222;22/12/2030;2030;12;22;Dezembro;1;Domingo;4;1;0;NULL
20301223;23/12/2030;2030;12;23;Dezembro;2;Segunda-Feira;4;0;0;NULL
20301224;24/12/2030;2030;12;24;Dezembro;3;Terça-Feira;4;0;0;NULL
20301225;25/12/2030;2030;12;25;Dezembro;4;Quarta-Feira;4;0;0;NULL
20301226;26/12/2030;2030;12;26;Dezembro;5;Quinta-Feira;4;0;0;NULL
20301227;27/12/2030;2030;12;27;Dezembro;6;Sexta-Feira;4;0;0;NULL
20301228;28/12/2030;2030;12;28;Dezembro;7;Sábado;4;1;0;NULL
20301229;29/12/2030;2030;12;29;Dezembro;1;Domingo;4;1;0;NULL
20301230;30/12/2030;2030;12;30;Dezembro;2;Segunda-Feira;4;0;0;NULL
20301231;31/12/2030;2030;12;31;Dezembro;3;Terça-Feira;4;0;0;NULL
